time,vx,vy
0,0.6,-0.6
0.01,0.6,-0.7
0.02,0.7,-1
0.03,0.8,-1.2
0.04,0.7,-1.6
0.05,0.6,-1.9
0.06,0.4,-2.2
0.07,0.3,-2.3
0.08,0,-2.5
0.09,-0.2,-2.5
0.1,-0.2,-2.5
0.11,-0.3,-2.6
0.12,-0.3,-2.8
0.13,-0.5,-3
0.14,-0.7,-3.3
0.15,-1.1,-3.5
0.16,-1.8,-3.6
0.17,-2.6,-3.6
0.18,-3.3,-3.4
0.19,-3.9,-3
0.2,-4.3,-2.6
0.21,-4.1,-2
0.22,-3.6,-1.5
0.23,-2.7,-1
0.24,-1.9,-0.8
0.25,-1,-0.7
0.26,-0.5,-0.6
0.27,-0.3,-0.7
0.28,-0.5,-0.7
0.29,-0.9,-0.8
0.3,-1.5,-0.8
0.31,-1.9,-0.7
0.32,-2.4,-0.6
0.33,-2.6,-0.4
0.34,-2.6,-0.3
0.35,-2.6,-0.1
0.36,-2.4,0
0.37,-2.2,0
0.38,-2,0.2
0.39,-1.9,0.2
0.4,-1.8,0.3
0.41,-1.6,0.3
0.42,-1.6,0.4
0.43,-1.4,0.3
0.44,-1.2,0.3
0.45,-0.9,0.2
0.46,-0.7,0.3
0.47,-0.3,0.3
0.48,-0.2,0.3
0.49,0,0.4
0.5,0,0.4
0.51,0,0.3
0.52,0,0.4
0.53,-0.1,0.3
0.54,-0.2,0.3
0.55,-0.1,0.2
0.56,-0.2,0.2
0.57,-0.1,0.2
0.58,-0.3,0.1
0.59,-0.3,0.1
0.6,-0.5,0.2
0.61,-0.7,0.3
0.62,-0.8,0.4
0.63,-1,0.5
0.64,-1.1,0.7
0.65,-1.1,0.8
0.66,-1.1,0.9
0.67,-0.9,1.1
0.68,-0.8,1
0.69,-0.7,1
0.7,-0.5,0.9
0.71,-0.5,0.7
0.72,-0.6,0.5
0.73,-0.6,0.4
0.74,-0.8,0.1
0.75,-0.9,0.1
0.76,-1.1,0
0.77,-1,-0.1
0.78,-1.1,0.1
0.79,-1.1,0.1
0.8,-1.1,0.3
0.81,-1.3,0.4
0.82,-1.3,0.5
0.83,-1.5,0.6
0.84,-1.5,0.7
0.85,-1.6,0.8
0.86,-1.4,0.9
0.87,-1.3,0.9
0.88,-1,1
0.89,-0.8,0.9
0.9,-0.5,0.8
0.91,-0.2,0.6
0.92,0.2,0.2
0.93,0.6,0
0.94,1,-0.3
0.95,1.3,-0.4
0.96,1.5,-0.5
0.97,1.8,-0.4
0.98,2,-0.2
0.99,2,-0.2
1,2,0
1.01,1.9,0.1
1.02,1.9,0
1.03,1.6,-0.1
1.04,1.5,-0.3
1.05,1.4,-0.6
1.06,1.2,-0.7
1.07,1.2,-0.8
1.08,1.2,-0.9
1.09,1.2,-1
1.1,1.2,-0.9
1.11,1.3,-0.9
1.12,1.3,-0.8
1.13,1.4,-0.7
1.14,1.4,-0.7
1.15,1.4,-0.6
1.16,1.5,-0.7
1.17,1.4,-0.7
1.18,1.2,-0.8
1.19,1.1,-0.8
1.2,0.9,-0.8
1.21,0.7,-0.7
1.22,0.5,-0.5
1.23,0.4,-0.3
1.24,0.3,-0.1
1.25,0.2,0.2
1.26,0,0.4
1.27,0,0.7
1.28,-0.1,0.7
1.29,-0.2,0.7
1.3,-0.1,0.7
1.31,-0.2,0.6
1.32,0,0.4
1.33,-0.1,0.1
1.34,0.1,0
1.35,0.3,-0.2
1.36,0.3,-0.3
1.37,0.4,-0.2
1.38,0.4,-0.2
1.39,0.5,-0.2
1.4,0.3,-0.1
1.41,0.2,-0.1
1.42,0.2,-0.2
1.43,0,-0.2
1.44,-0.1,-0.3
1.45,-0.2,-0.3
1.46,-0.3,-0.3
1.47,-0.4,-0.3
1.48,-0.5,-0.2
1.49,-0.7,-0.1
1.5,-0.7,0
1.51,-0.8,0.3
1.52,-0.7,0.3
1.53,-0.8,0.5
1.54,-0.8,0.4
1.55,-0.8,0.3
1.56,-1,0.2
1.57,-1.2,0.1
1.58,-1.3,0.1
1.59,-1.6,0.2
1.6,-1.6,0.3
1.61,-1.7,0.5
1.62,-1.4,0.6
1.63,-1.3,0.6
1.64,-1,0.5
1.65,-0.7,0.3
1.66,-0.5,0
1.67,-0.3,-0.2
1.68,-0.1,-0.3
1.69,-0.1,-0.3
1.7,-0.1,-0.3
1.71,-0.2,0
1.72,-0.2,0.3
1.73,-0.2,0.5
1.74,-0.2,0.6
1.75,-0.3,0.8
1.76,-0.1,0.7
1.77,0,0.6
1.78,0.2,0.5
1.79,0.3,0.5
1.8,0.4,0.3
1.81,0.6,0.3
1.82,0.8,0.3
1.83,1,0.2
1.84,1.1,0.1
1.85,1.2,0.1
1.86,1.2,0.1
1.87,1,0.1
1.88,0.7,0.2
1.89,0.5,0.4
1.9,0.2,0.6
1.91,0.2,0.9
1.92,0.2,1
1.93,0.5,1.2
1.94,0.7,1.2
1.95,1.1,1
1.96,1.4,0.9
1.97,1.3,0.6
1.98,1.2,0.5
1.99,0.9,0.6
2,0.5,0.7
2.01,0.2,1
2.02,0,1.5
2.03,-0.1,1.7
2.04,-0.1,2.1
2.05,-0.1,2.3
2.06,-0.1,2.5
2.07,-0.2,2.4
2.08,-0.4,2.3
2.09,-0.5,2.1
2.1,-0.7,1.7
2.11,-0.8,1.2
2.12,-0.9,0.8
2.13,-0.9,0.4
2.14,-1,0
2.15,-0.8,-0.2
2.16,-0.8,-0.4
2.17,-0.7,-0.6
2.18,-0.7,-0.7
2.19,-0.6,-0.8
2.2,-0.5,-1
2.21,-0.6,-1
2.22,-0.6,-1.2
2.23,-0.6,-1.3
2.24,-0.7,-1.4
2.25,-0.7,-1.3
2.26,-0.8,-1.2
2.27,-0.7,-1.2
2.28,-0.7,-1.1
2.29,-0.7,-1.2
2.3,-0.7,-1.2
2.31,-0.6,-1.3
2.32,-0.7,-1.4
2.33,-0.7,-1.6
2.34,-0.7,-1.7
2.35,-0.7,-1.7
2.36,-0.7,-1.8
2.37,-0.7,-1.9
2.38,-0.5,-1.9
2.39,-0.4,-1.9
2.4,-0.4,-1.8
2.41,-0.3,-1.9
2.42,-0.2,-1.7
2.43,-0.3,-1.5
2.44,-0.4,-1.3
2.45,-0.4,-1
2.46,-0.3,-0.7
2.47,-0.2,-0.5
2.48,-0.2,-0.4
2.49,0,-0.5
2.5,0.2,-0.6
2.51,0.2,-0.9
2.52,0.1,-0.9
2.53,0.1,-1
2.54,0,-0.9
2.55,-0.3,-0.7
2.56,-0.5,-0.4
2.57,-0.7,-0.2
2.58,-0.8,0.2
2.59,-0.8,0.3
2.6,-0.7,0.5
2.61,-0.7,0.5
2.62,-0.4,0.6
2.63,-0.1,0.7
2.64,0.2,0.7
2.65,0.4,0.7
2.66,0.5,0.6
2.67,0.4,0.7
2.68,0.4,0.6
2.69,0,0.6
2.7,-0.2,0.5
2.71,-0.5,0.5
2.72,-0.7,0.3
2.73,-0.6,0.4
2.74,-0.7,0.3
2.75,-0.6,0.5
2.76,-0.5,0.6
2.77,-0.4,0.6
2.78,-0.4,0.7
2.79,-0.5,0.8
2.8,-0.6,0.8
2.81,-0.7,0.7
2.82,-1,0.8
2.83,-1.3,0.7
2.84,-1.5,0.7
2.85,-1.8,0.8
2.86,-2,0.8
2.87,-2.2,0.7
2.88,-2.2,0.8
2.89,-2.4,0.6
2.9,-2.3,0.5
2.91,-2.2,0.4
2.92,-2.1,0.3
2.93,-2.1,0.3
2.94,-2,0.4
2.95,-2,0.5
2.96,-1.9,0.7
2.97,-1.8,0.8
2.98,-1.8,1
2.99,-1.7,0.9
3,-1.6,0.8
3.01,-1.2,0.6
3.02,-1,0.3
3.03,-0.5,0.1
3.04,-0.2,-0.2
3.05,0.1,-0.4
3.06,0.3,-0.4
3.07,0.3,-0.5
3.08,0.2,-0.3
3.09,0.1,-0.3
3.1,-0.1,-0.1
3.11,-0.1,-0.1
3.12,-0.1,-0.1
3.13,0,-0.2
3.14,0.2,-0.2
3.15,0.4,-0.3
3.16,0.6,-0.4
3.17,0.7,-0.5
3.18,0.7,-0.6
3.19,0.8,-0.5
3.2,0.8,-0.5
3.21,0.7,-0.5
3.22,0.7,-0.3
3.23,0.7,-0.3
3.24,0.6,-0.1
3.25,0.5,-0.1
3.26,0.5,-0.1
3.27,0.5,-0.1
3.28,0.5,-0.2
3.29,0.5,-0.3
3.3,0.7,-0.3
3.31,0.8,-0.4
3.32,1,-0.5
3.33,1.3,-0.4
3.34,1.4,-0.5
3.35,1.5,-0.5
3.36,1.6,-0.5
3.37,1.5,-0.6
3.38,1.3,-0.5
3.39,1,-0.5
3.4,0.7,-0.5
3.41,0.5,-0.4
3.42,0.3,-0.4
3.43,0.3,-0.2
3.44,0.2,-0.3
3.45,0.3,-0.2
3.46,0.3,-0.2
3.47,0.3,-0.2
3.48,0.4,0
3.49,0.4,0.1
3.5,0.6,0.3
3.51,0.6,0.5
3.52,0.8,0.6
3.53,0.8,0.7
3.54,0.8,0.7
3.55,0.8,0.7
3.56,0.7,0.5
3.57,0.5,0.4
3.58,0.5,0.3
3.59,0.4,0.1
3.6,0.5,0.2
3.61,0.6,0.1
3.62,0.8,0.1
3.63,0.7,0.2
3.64,0.8,0.3
3.65,0.6,0.3
3.66,0.4,0.5
3.67,0.3,0.4
3.68,0.3,0.3
3.69,0.3,0.3
3.7,0.5,0.2
3.71,0.9,0.1
3.72,1.4,0.1
3.73,1.8,0
3.74,2.1,0
3.75,2.3,0.1
3.76,2.3,0
3.77,2.1,0.1
3.78,1.8,0.1
3.79,1.3,0
3.8,0.9,0
3.81,0.6,-0.1
3.82,0.2,0
3.83,0,-0.1
3.84,-0.2,-0.1
3.85,-0.3,0
3.86,-0.5,0
3.87,-0.6,-0.1
3.88,-0.6,0
3.89,-0.5,-0.2
3.9,-0.2,-0.1
3.91,0.3,-0.3
3.92,0.8,-0.3
3.93,1.2,-0.4
3.94,1.6,-0.5
3.95,1.9,-0.5
3.96,1.8,-0.5
3.97,1.7,-0.5
3.98,1.4,-0.4
3.99,1,-0.2
4,0.8,-0.3
4.01,0.5,-0.3
4.02,0.2,-0.4
4.03,0.1,-0.5
4.04,-0.1,-0.6
4.05,-0.2,-0.7
4.06,-0.3,-0.6
4.07,-0.4,-0.6
4.08,-0.2,-0.6
4.09,-0.1,-0.6
4.1,0.2,-0.6
4.11,0.7,-0.7
4.12,1.1,-0.8
4.13,1.4,-0.9
4.14,1.9,-0.8
4.15,2,-0.8
4.16,2.2,-0.5
4.17,2.1,-0.1
4.18,1.8,0.1
4.19,1.5,0.4
4.2,0.9,0.7
4.21,0.3,0.8
4.22,-0.3,0.9
4.23,-1,1.1
4.24,-1.5,1.3
4.25,-1.9,1.5
4.26,-2.2,1.6
4.27,-2.3,1.6
4.28,-2.4,1.7
4.29,-2.3,1.6
4.3,-2.3,1.7
4.31,-2.2,1.6
4.32,-1.9,1.7
4.33,-1.8,1.7
4.34,-1.3,1.8
4.35,-0.9,1.7
4.36,-0.4,1.6
4.37,0.1,1.4
4.38,0.6,1
4.39,0.8,0.7
4.4,0.8,0.4
4.41,0.6,0
4.42,0.3,-0.1
4.43,-0.3,-0.2
4.44,-0.8,-0.1
4.45,-1.1,0.2
4.46,-1.3,0.5
4.47,-1.2,0.7
4.48,-0.9,0.8
4.49,-0.5,0.9
4.5,-0.1,0.7
4.51,0.2,0.4
4.52,0.4,0.2
4.53,0.4,-0.1
4.54,0.4,-0.3
4.55,0.2,-0.4
4.56,0.1,-0.5
4.57,0.2,-0.5
4.58,0.4,-0.5
4.59,0.6,-0.4
4.6,0.9,-0.4
4.61,1.1,-0.4
4.62,1.2,-0.3
4.63,1.2,-0.5
4.64,1.1,-0.4
4.65,1,-0.5
4.66,0.9,-0.5
4.67,0.9,-0.6
4.68,0.8,-0.7
4.69,0.9,-0.8
4.7,0.9,-0.8
4.71,0.9,-0.9
4.72,0.7,-1
4.73,0.5,-1.1
4.74,0.2,-1.1
4.75,0,-1.3
4.76,-0.2,-1.3
4.77,-0.3,-1.4
4.78,-0.2,-1.4
4.79,-0.2,-1.2
4.8,0,-1.2
4.81,0.2,-0.8
4.82,0.2,-0.7
4.83,0.1,-0.5
4.84,0,-0.3
4.85,-0.3,-0.4
4.86,-0.7,-0.4
4.87,-0.9,-0.5
4.88,-1.2,-0.7
4.89,-1.1,-0.7
4.9,-1.1,-0.6
4.91,-0.8,-0.7
4.92,-0.5,-0.6
4.93,-0.1,-0.6
4.94,0.2,-0.5
4.95,0.4,-0.6
4.96,0.5,-0.4
4.97,0.6,-0.4
4.98,0.6,-0.3
4.99,0.4,-0.1
5,0.3,0
5.01,0.3,0.2
5.02,0.2,0.2
5.03,0.3,0.4
5.04,0.4,0.4
5.05,0.6,0.3
5.06,0.8,0.1
5.07,1,0
5.08,1.1,-0.3
5.09,1.1,-0.6
5.1,1.3,-0.8
5.11,1.2,-1
5.12,1.1,-1
5.13,0.9,-1.1
5.14,0.9,-1.2
5.15,0.8,-1.1
5.16,0.6,-1
5.17,0.5,-1
5.18,0.5,-0.8
5.19,0.4,-0.7
5.2,0.5,-0.6
5.21,0.5,-0.4
5.22,0.7,-0.5
5.23,0.7,-0.4
5.24,0.7,-0.5
5.25,0.6,-0.6
5.26,0.3,-0.5
5.27,0,-0.6
5.28,-0.2,-0.7
5.29,-0.6,-0.6
5.3,-0.6,-0.7
5.31,-0.8,-0.6
5.32,-0.8,-0.6
5.33,-0.8,-0.5
5.34,-0.8,-0.6
5.35,-0.8,-0.5
5.36,-0.9,-0.5
5.37,-1,-0.5
5.38,-1.1,-0.4
5.39,-1.4,-0.3
5.4,-1.5,-0.2
5.41,-1.7,-0.1
5.42,-1.7,-0.1
5.43,-1.6,-0.1
5.44,-1.4,-0.3
5.45,-1.1,-0.4
5.46,-0.6,-0.6
5.47,-0.2,-0.7
5.48,0.1,-0.8
5.49,0.4,-0.8
5.5,0.5,-0.8
5.51,0.5,-0.8
5.52,0.3,-0.8
5.53,0.1,-0.8
5.54,0,-0.8
5.55,-0.2,-0.8
5.56,-0.1,-0.8
5.57,-0.1,-0.9
5.58,0,-0.8
5.59,0,-0.7
5.6,0.1,-0.6
5.61,0,-0.6
5.62,-0.1,-0.4
5.63,-0.1,-0.5
5.64,-0.2,-0.4
5.65,-0.3,-0.5
5.66,-0.4,-0.5
5.67,-0.6,-0.4
5.68,-0.8,-0.4
5.69,-1.1,-0.3
5.7,-1.4,-0.3
5.71,-1.6,-0.3
5.72,-1.6,-0.4
5.73,-1.6,-0.4
5.74,-1.3,-0.4
5.75,-0.9,-0.4
5.76,-0.7,-0.2
5.77,-0.5,-0.2
5.78,-0.4,0
5.79,-0.5,0.2
5.8,-0.6,0.2
5.81,-0.8,0.2
5.82,-1,0.3
5.83,-1,0.3
5.84,-0.9,0.4
5.85,-0.7,0.5
5.86,-0.4,0.6
5.87,-0.1,0.6
5.88,0.3,0.7
5.89,0.6,0.6
5.9,0.9,0.4
5.91,1,0.3
5.92,1.1,0.2
5.93,1.1,0
5.94,1,-0.1
5.95,0.7,-0.1
5.96,0.5,0
5.97,0.2,0
5.98,0,0
5.99,-0.3,0.1
6,-0.5,0.2
6.01,-0.6,0.1
6.02,-0.6,0.3
6.03,-0.7,0.2
6.04,-0.4,0.3
6.05,-0.3,0.2
6.06,0,0.1
6.07,0.2,0
6.08,0.3,-0.1
6.09,0.2,0
6.1,0.2,0
6.11,0,0.2
6.12,-0.1,0.2
6.13,-0.2,0.4
6.14,-0.2,0.4
6.15,-0.2,0.3
6.16,0,0.3
6.17,0.1,0
6.18,0.2,-0.2
6.19,0.3,-0.4
6.2,0.2,-0.5
6.21,0.1,-0.6
6.22,0,-0.6
6.23,-0.2,-0.6
6.24,-0.3,-0.6
6.25,-0.2,-0.6
6.26,-0.2,-0.6
6.27,-0.1,-0.8
6.28,0.1,-0.8
6.29,0.2,-0.9
6.3,0.2,-1
6.31,0.1,-1
6.32,-0.2,-0.9
6.33,-0.5,-0.9
6.34,-0.7,-0.7
6.35,-1.1,-0.7
6.36,-1.1,-0.5
6.37,-1.1,-0.6
6.38,-1.1,-0.7
6.39,-0.8,-0.8
6.4,-0.7,-1
6.41,-0.6,-1.3
6.42,-0.4,-1.6
6.43,-0.3,-1.8
6.44,-0.3,-2.1
6.45,-0.4,-2.1
6.46,-0.5,-2.2
6.47,-0.6,-2.1
6.48,-0.7,-2.1
6.49,-0.8,-1.9
6.5,-0.6,-1.7
6.51,-0.4,-1.8
6.52,-0.1,-1.8
6.53,0.3,-1.9
6.54,0.4,-2.1
6.55,0.6,-2.4
6.56,0.6,-2.8
6.57,0.4,-3
6.58,0.2,-3.1
6.59,-0.1,-3.1
6.6,-0.2,-3
6.61,-0.4,-2.7
6.62,-0.2,-2.3
6.63,-0.1,-1.9
6.64,0.3,-1.5
6.65,0.5,-1.3
6.66,0.7,-1.1
6.67,0.7,-1.1
6.68,0.6,-1.1
6.69,0.3,-1.2
6.7,0.1,-1
6.71,-0.2,-1
6.72,-0.4,-0.7
6.73,-0.5,-0.4
6.74,-0.5,-0.2
6.75,-0.5,0.1
6.76,-0.4,0.2
6.77,-0.3,0.4
6.78,-0.3,0.3
6.79,-0.3,0.3
6.8,-0.3,0.3
6.81,-0.2,0.3
6.82,-0.3,0.5
6.83,-0.1,0.7
6.84,-0.1,1.3
6.85,0,1.8
6.86,0.1,2.3
6.87,0.3,2.8
6.88,0.3,3.2
6.89,0.4,3.3
6.9,0.5,3.5
6.91,0.5,3.5
6.92,0.6,3.7
6.93,0.6,3.7
6.94,0.8,4.1
6.95,0.9,4.3
6.96,1.1,4.8
6.97,1.2,5
6.98,1.3,5.1
6.99,1.4,4.9
7,1.3,4.6
7.01,1.1,4.1
7.02,1.1,3.4
7.03,0.9,2.8
7.04,0.8,2.3
7.05,0.9,1.9
7.06,0.8,1.8
7.07,1,1.6
7.08,1,1.7
7.09,1.1,1.7
7.1,1.1,1.8
7.11,1.2,1.9
7.12,1.2,1.8
7.13,1.1,1.9
7.14,1.1,2
7.15,1,2
7.16,1.1,2.2
7.17,1,2.1
7.18,1,2.2
7.19,0.9,2
7.2,0.8,1.9
7.21,0.6,1.5
7.22,0.4,1.2
7.23,0.1,0.9
7.24,-0.1,0.6
7.25,-0.3,0.4
7.26,-0.4,0.4
7.27,-0.4,0.3
7.28,-0.3,0.2
7.29,-0.3,0.3
7.3,-0.1,0.3
7.31,-0.1,0.3
7.32,-0.1,0.3
7.33,-0.2,0.3
7.34,-0.2,0.2
7.35,-0.5,0.3
7.36,-0.7,0.2
7.37,-0.8,0.1
7.38,-0.8,0.1
7.39,-0.9,0
7.4,-0.7,-0.1
7.41,-0.6,-0.1
7.42,-0.4,0.1
7.43,-0.4,0.2
7.44,-0.2,0.5
7.45,-0.3,0.9
7.46,-0.3,1.3
7.47,-0.6,1.9
7.48,-0.7,2.2
7.49,-0.9,2.5
7.5,-1.1,2.6
7.51,-1.2,2.6
7.52,-1.3,2.3
7.53,-1.2,1.9
7.54,-1.2,1.4
7.55,-1,0.9
7.56,-1,0.4
7.57,-0.9,0.2
7.58,-0.8,0.1
7.59,-0.8,0.2
7.6,-0.9,0.4
7.61,-0.9,0.5
7.62,-1,0.5
7.63,-1.3,0.4
7.64,-1.5,0.1
7.65,-1.8,-0.2
7.66,-2,-0.6
7.67,-2.2,-0.8
7.68,-2.3,-1
7.69,-2.4,-1
7.7,-2.4,-0.8
7.71,-2.4,-0.7
7.72,-2.6,-0.4
7.73,-2.9,-0.3
7.74,-3.3,-0.3
7.75,-3.9,-0.4
7.76,-4.6,-0.6
7.77,-5.3,-0.9
7.78,-5.9,-1.2
7.79,-6.1,-1.3
7.8,-6.2,-1.2
7.81,-5.6,-1.1
7.82,-4.7,-0.9
7.83,-3.5,-0.6
7.84,-2.2,-0.5
7.85,-1.1,-0.7
7.86,-0.4,-0.8
7.87,-0.2,-1.1
7.88,-0.4,-1.5
7.89,-0.9,-1.9
7.9,-1.5,-2.1
7.91,-2,-2.3
7.92,-2.3,-2.5
7.93,-2.3,-2.5
7.94,-2,-2.6
7.95,-1.6,-2.5
7.96,-1.1,-2.5
7.97,-0.5,-2.2
7.98,0,-2.1
7.99,0.3,-1.8
8,0.6,-1.4
8.01,0.7,-1.2
8.02,0.8,-0.7
8.03,0.8,-0.5
8.04,0.8,-0.3
8.05,0.8,-0.1
8.06,0.9,0
8.07,1,-0.1
8.08,1.2,-0.2
8.09,1.5,-0.4
8.1,1.8,-0.7
8.11,2.2,-1
8.12,2.6,-1.4
8.13,2.8,-1.7
8.14,2.9,-1.9
8.15,2.8,-2.1
8.16,2.7,-2.1
8.17,2.6,-2.1
8.18,2.4,-2.1
8.19,2.5,-2.1
8.2,2.5,-1.9
8.21,2.9,-1.9
8.22,3.2,-1.6
8.23,3.6,-1.3
8.24,3.9,-1
8.25,4,-0.5
8.26,3.8,-0.1
8.27,3.4,0.2
8.28,2.9,0.5
8.29,2.1,0.6
8.3,1.4,0.8
8.31,1,0.9
8.32,0.5,1.1
8.33,0.3,1.2
8.34,0.1,1.3
8.35,0.1,1.2
8.36,0,1.3
8.37,-0.2,1.1
8.38,-0.4,1.1
8.39,-0.4,1
8.4,-0.6,0.9
8.41,-0.5,0.9
8.42,-0.4,1
8.43,-0.3,0.9
8.44,-0.2,0.9
8.45,0,0.7
8.46,-0.1,0.6
8.47,0,0.5
8.48,-0.1,0.3
8.49,-0.1,0.3
8.5,-0.1,0.3
8.51,-0.1,0.3
8.52,0.1,0.3
8.53,0.2,0.3
8.54,0.4,0.1
8.55,0.6,0
8.56,0.8,-0.2
8.57,0.7,-0.4
8.58,0.7,-0.4
8.59,0.7,-0.4
8.6,0.5,-0.3
8.61,0.6,-0.3
8.62,0.8,-0.2
8.63,1,-0.2
8.64,1.4,-0.3
8.65,1.6,-0.3
8.66,1.9,-0.3
8.67,2,-0.4
8.68,1.8,-0.4
8.69,1.5,-0.4
8.7,1.1,-0.3
8.71,0.7,-0.1
8.72,0.4,0
8.73,0.2,0.3
8.74,0.2,0.5
8.75,0.2,0.5
8.76,0.3,0.5
8.77,0.4,0.4
8.78,0.4,0
8.79,0.3,-0.2
8.8,0.2,-0.6
8.81,0.1,-0.9
8.82,-0.1,-1
8.83,0,-1.1
8.84,-0.1,-1
8.85,0.1,-1.1
8.86,0.2,-1.2
8.87,0.3,-1.3
8.88,0.3,-1.6
8.89,0.3,-1.9
8.9,0.3,-2.2
8.91,0.1,-2.2
8.92,0.1,-2.1
8.93,0.1,-1.8
8.94,0.1,-1.3
8.95,0.3,-0.9
8.96,0.4,-0.5
8.97,0.5,-0.3
8.98,0.7,-0.2
8.99,0.7,-0.1
9,0.7,-0.2
9.01,0.7,-0.2
9.02,0.6,-0.2
9.03,0.6,-0.2
9.04,0.5,-0.2
9.05,0.6,-0.1
9.06,0.6,-0.1
9.07,0.6,-0.1
9.08,0.6,-0.3
9.09,0.6,-0.2
9.1,0.7,-0.3
9.11,0.6,-0.4
9.12,0.7,-0.3
9.13,0.8,-0.3
9.14,0.9,-0.1
9.15,0.9,0.1
9.16,0.9,0.3
9.17,0.7,0.5
9.18,0.4,0.8
9.19,0.2,0.9
9.2,-0.1,1.2
9.21,-0.3,1.3
9.22,-0.5,1.4
9.23,-0.6,1.5
9.24,-0.6,1.5
9.25,-0.4,1.3
9.26,-0.4,1.2
9.27,-0.2,1
9.28,-0.1,0.7
9.29,0,0.6
9.3,-0.1,0.5
9.31,-0.1,0.6
9.32,-0.2,0.7
9.33,-0.4,0.9
9.34,-0.5,0.9
9.35,-0.4,1
9.36,-0.5,1
9.37,-0.3,1
9.38,-0.2,1
9.39,0,0.8
9.4,0.1,0.7
9.41,0.3,0.6
9.42,0.2,0.6
9.43,0.2,0.4
9.44,0.1,0.4
9.45,0,0.2
9.46,-0.1,0.2
9.47,-0.2,0
9.48,-0.2,-0.1
9.49,-0.1,-0.3
9.5,-0.1,-0.5
9.51,0,-0.5
9.52,-0.1,-0.7
9.53,-0.1,-0.7
9.54,-0.3,-0.7
9.55,-0.5,-0.8
9.56,-0.6,-0.7
9.57,-0.6,-0.7
9.58,-0.6,-0.6
9.59,-0.4,-0.7
9.6,-0.3,-0.6
9.61,0,-0.6
9.62,0,-0.5
9.63,0.1,-0.6
9.64,0.1,-0.6
9.65,-0.2,-0.6
9.66,-0.4,-0.7
9.67,-0.6,-0.5
9.68,-0.7,-0.5
9.69,-0.8,-0.2
9.7,-0.7,-0.1
9.71,-0.7,0.1
9.72,-0.7,0.3
9.73,-0.5,0.2
9.74,-0.6,0.1
9.75,-0.7,0.1
9.76,-0.7,-0.1
9.77,-0.8,-0.2
9.78,-0.8,-0.2
9.79,-0.9,-0.3
9.8,-0.8,-0.2
9.81,-0.9,-0.1
9.82,-1,-0.1
9.83,-1,0.1
9.84,-1.1,0.1
9.85,-1.3,0.2
9.86,-1.3,0.2
9.87,-1.3,0.2
9.88,-1.1,0.2
9.89,-1.1,0.2
9.9,-0.8,0
9.91,-0.5,-0.1
9.92,-0.4,-0.2
9.93,-0.4,-0.4
9.94,-0.3,-0.4
9.95,-0.5,-0.5
9.96,-0.7,-0.5
9.97,-0.9,-0.4
9.98,-1.1,-0.4
9.99,-1.3,-0.3
10,-1.4,-0.2
10.01,-1.5,-0.2
10.02,-1.5,-0.2
10.03,-1.4,-0.2
10.04,-1.2,-0.3
10.05,-1.3,-0.5
10.06,-1.2,-0.6
10.07,-1.2,-0.8
10.08,-1.2,-0.9
10.09,-1.2,-0.9
10.1,-1.1,-0.9
10.11,-1,-0.9
10.12,-0.9,-0.8
10.13,-0.7,-0.7
10.14,-0.6,-0.6
10.15,-0.6,-0.3
10.16,-0.5,-0.1
10.17,-0.5,0.2
10.18,-0.4,0.2
10.19,-0.5,0.3
10.2,-0.6,0.3
10.21,-0.6,0.1
10.22,-0.9,-0.1
10.23,-1.1,-0.1
10.24,-1.3,-0.3
10.25,-1.5,-0.3
10.26,-1.6,-0.2
10.27,-1.7,-0.2
10.28,-1.6,0
10.29,-1.5,0.1
10.3,-1.4,0.2
10.31,-1.1,0.1
10.32,-0.9,0.2
10.33,-0.7,0.1
10.34,-0.4,-0.1
10.35,-0.3,-0.1
10.36,-0.2,-0.1
10.37,-0.1,-0.2
10.38,0,-0.1
10.39,0,-0.1
10.4,0.1,0.1
10.41,0,0.2
10.42,-0.1,0.4
10.43,-0.1,0.6
10.44,-0.2,0.8
10.45,-0.2,1
10.46,-0.1,1.3
10.47,0.1,1.4
10.48,0.4,1.4
10.49,1,1.6
10.5,1.5,1.6
10.51,1.9,1.7
10.52,2.4,2
10.53,2.6,2.1
10.54,2.6,2.4
10.55,2.4,2.6
10.56,2.1,2.7
10.57,1.6,2.6
10.58,1.2,2.6
10.59,0.8,2.3
10.6,0.7,2.2
10.61,0.7,1.9
10.62,0.7,1.8
10.63,0.8,1.6
10.64,0.9,1.4
10.65,1,1.3
10.66,1,1.1
10.67,1,1.1
10.68,1.1,1
10.69,1.1,1.1
10.7,1.2,1.1
10.71,1.3,1.1
10.72,1.3,1
10.73,1.4,0.9
10.74,1.2,0.9
10.75,1.1,0.7
10.76,0.8,0.7
10.77,0.4,0.7
10.78,0.1,0.9
10.79,-0.2,1.2
10.8,-0.5,1.6
10.81,-0.6,2
10.82,-0.7,2.5
10.83,-0.7,2.9
10.84,-0.7,3.2
10.85,-0.7,3.4
10.86,-0.7,3.4
10.87,-0.8,3.3
10.88,-0.7,3
10.89,-0.7,2.6
10.9,-0.4,2.1
10.91,-0.3,1.6
10.92,0.1,1.1
10.93,0.3,0.8
10.94,0.5,0.4
10.95,0.7,0.2
10.96,0.7,0.1
10.97,0.7,0
10.98,0.7,0
10.99,0.6,0.1
11,0.3,0
11.01,0.2,0.1
11.02,0.1,0.1
11.03,-0.2,0.1
11.04,-0.3,0.1
11.05,-0.5,-0.1
11.06,-0.5,-0.2
11.07,-0.6,-0.5
11.08,-0.5,-1
11.09,-0.5,-1.4
11.1,-0.4,-1.9
11.11,-0.4,-2.5
11.12,-0.4,-3
11.13,-0.7,-3.4
11.14,-0.8,-3.7
11.15,-1.1,-3.8
11.16,-1.4,-3.9
11.17,-1.6,-3.7
11.18,-1.7,-3.5
11.19,-1.8,-3.1
11.2,-1.9,-2.8
11.21,-1.8,-2.5
11.22,-1.8,-2.3
11.23,-1.9,-2.1
11.24,-1.8,-2
11.25,-1.9,-1.8
11.26,-1.7,-1.7
11.27,-1.6,-1.5
11.28,-1.4,-1.3
11.29,-1,-1.2
11.3,-0.7,-1.1
11.31,-0.4,-1.1
11.32,-0.2,-1.1
11.33,0,-1.3
11.34,0,-1.3
11.35,0,-1.4
11.36,-0.1,-1.4
11.37,-0.1,-1.4
11.38,-0.3,-1.3
11.39,-0.2,-1.1
11.4,-0.1,-1
11.41,0,-0.8
11.42,0.2,-0.6
11.43,0.5,-0.4
11.44,0.8,-0.3
11.45,1.1,-0.3
11.46,1.4,-0.2
11.47,1.5,-0.3
11.48,1.5,-0.4
11.49,1.5,-0.2
11.5,1.3,-0.1
11.51,1.1,0.1
11.52,0.8,0.3
11.53,0.7,0.6
11.54,0.5,0.8
11.55,0.4,0.9
11.56,0.3,1.1
11.57,0.4,1.1
11.58,0.4,1.2
11.59,0.5,1.3
11.6,0.7,1.3
11.61,0.8,1.4
11.62,1,1.3
11.63,0.9,1.2
11.64,1,1.2
11.65,0.9,1
11.66,0.7,0.9
11.67,0.5,0.8
11.68,0.4,0.6
11.69,0.2,0.6
11.7,0.2,0.5
11.71,0.1,0.5
11.72,0.3,0.6
11.73,0.3,0.6
11.74,0.5,0.7
11.75,0.4,0.6
11.76,0.5,0.6
11.77,0.3,0.5
11.78,0.1,0.4
11.79,-0.1,0.4
11.8,-0.2,0.3
11.81,-0.2,0.3
11.82,-0.1,0.4
11.83,0.2,0.4
11.84,0.5,0.5
11.85,0.7,0.5
11.86,0.9,0.5
11.87,0.8,0.4
11.88,0.6,0.4
11.89,0.2,0.3
11.9,0,0.2
11.91,-0.3,0.3
11.92,-0.3,0.2
11.93,-0.2,0.3
11.94,0.1,0.1
11.95,0.5,0.1
11.96,0.6,0
11.97,0.9,0
11.98,0.8,0
11.99,0.7,0
12,0.5,0.1
12.01,0.2,0.2
12.02,0.1,0.2
12.03,-0.1,0.2
12.04,0,0.2
12.05,0,0.1
12.06,0.3,0.1
12.07,0.5,0.2
12.08,0.7,0
12.09,0.8,0.1
12.1,0.9,0
12.11,0.8,0
12.12,0.6,-0.1
12.13,0.4,-0.2
12.14,0,-0.3
12.15,-0.3,-0.3
12.16,-0.3,-0.5
12.17,-0.5,-0.5
12.18,-0.3,-0.6
12.19,-0.3,-0.7
12.2,-0.2,-0.6
12.21,-0.2,-0.7
12.22,-0.1,-0.6
12.23,-0.2,-0.6
12.24,-0.3,-0.6
12.25,-0.3,-0.6
12.26,-0.4,-0.6
12.27,-0.5,-0.6
12.28,-0.6,-0.7
12.29,-0.5,-0.7
12.3,-0.6,-0.6
12.31,-0.5,-0.5
12.32,-0.5,-0.6
12.33,-0.5,-0.6
12.34,-0.6,-0.7
12.35,-0.5,-0.8
12.36,-0.7,-1.1
12.37,-0.7,-1.2
12.38,-0.8,-1.1
12.39,-1,-1.1
12.4,-1,-0.8
12.41,-1.2,-0.5
12.42,-1.4,-0.4
12.43,-1.5,-0.2
12.44,-1.5,-0.2
12.45,-1.3,-0.2
12.46,-1.1,-0.4
12.47,-0.6,-0.5
12.48,-0.1,-0.6
12.49,0.4,-0.7
12.5,0.6,-0.6
12.51,0.7,-0.6
12.52,0.6,-0.6
12.53,0.4,-0.5
12.54,-0.1,-0.7
12.55,-0.4,-0.8
12.56,-0.7,-1
12.57,-0.8,-1.2
12.58,-0.7,-1.5
12.59,-0.5,-1.7
12.6,-0.3,-1.9
12.61,0.1,-1.9
12.62,0.3,-2
12.63,0.5,-1.8
12.64,0.4,-1.5
12.65,0.2,-1.3
12.66,0,-0.8
12.67,-0.2,-0.4
12.68,-0.4,0
12.69,-0.4,0.3
12.7,-0.2,0.7
12.71,0.2,0.8
12.72,0.7,1
12.73,1.1,0.9
12.74,1.5,0.9
12.75,1.6,0.7
12.76,1.7,0.5
12.77,1.4,0.5
12.78,1.1,0.4
12.79,0.9,0.4
12.8,0.5,0.6
12.81,0.4,0.7
12.82,0.4,0.9
12.83,0.5,1
12.84,0.6,1
12.85,0.8,1.1
12.86,0.8,1
12.87,0.8,0.9
12.88,0.7,1
12.89,0.6,1.1
12.9,0.6,1.3
12.91,0.7,1.5
12.92,1,1.7
12.93,1.3,1.7
12.94,1.6,1.6
12.95,1.8,1.4
12.96,2,1.2
12.97,1.9,0.9
12.98,1.7,0.7
12.99,1.5,0.5
13,1.1,0.5
13.01,0.9,0.6
13.02,0.7,0.7
13.03,0.5,0.7
13.04,0.5,0.9
13.05,0.5,0.8
13.06,0.4,0.7
13.07,0.3,0.6
13.08,0.2,0.5
13.09,0,0.4
13.1,-0.3,0.4
13.11,-0.6,0.5
13.12,-0.8,0.5
13.13,-1.1,0.6
13.14,-1.4,0.7
13.15,-1.5,0.6
13.16,-1.6,0.6
13.17,-1.7,0.5
13.18,-1.8,0.6
13.19,-1.8,0.5
13.2,-2,0.5
13.21,-1.9,0.5
13.22,-1.8,0.5
13.23,-1.5,0.6
13.24,-1.3,0.5
13.25,-0.9,0.5
13.26,-0.6,0.4
13.27,-0.3,0.3
13.28,-0.2,0.2
13.29,-0.2,0
13.3,-0.5,0.1
13.31,-0.8,0
13.32,-1.2,0.1
13.33,-1.5,0.1
13.34,-1.8,0.2
13.35,-1.9,0.1
13.36,-1.8,-0.1
13.37,-1.6,-0.2
13.38,-1.3,-0.5
13.39,-1.1,-0.7
13.4,-0.9,-1.1
13.41,-0.8,-1.2
13.42,-0.7,-1.4
13.43,-0.6,-1.3
13.44,-0.4,-1.2
13.45,-0.2,-0.8
13.46,0.3,-0.5
13.47,0.6,-0.2
13.48,0.9,-0.1
13.49,1.1,-0.1
13.5,1.1,-0.3
13.51,1,-0.6
13.52,0.7,-0.8
13.53,0.5,-1
13.54,0.3,-1
13.55,0.2,-0.8
13.56,0.1,-0.5
13.57,0.2,-0.3
13.58,0.3,0
13.59,0.4,0.2
13.6,0.4,0.2
13.61,0.7,0.2
13.62,0.8,0
13.63,0.9,-0.2
13.64,1.1,-0.3
13.65,1.2,-0.4
13.66,1.2,-0.3
13.67,1.1,-0.3
13.68,0.9,-0.1
13.69,0.7,0
13.7,0.3,0.1
13.71,0.2,0
13.72,0,0
13.73,0,-0.1
13.74,0.1,-0.2
13.75,0.4,-0.3
13.76,0.7,-0.2
13.77,0.9,-0.2
13.78,1,-0.2
13.79,1.1,0
13.8,0.9,0
13.81,0.8,0.1
13.82,0.7,0.2
13.83,0.5,0.1
13.84,0.4,0
13.85,0.4,-0.2
13.86,0.4,-0.2
13.87,0.6,-0.4
13.88,0.6,-0.4
13.89,0.8,-0.3
13.9,1,-0.3
13.91,1.1,-0.3
13.92,1.2,-0.2
13.93,1.3,-0.2
13.94,1.3,-0.2
13.95,1.4,-0.4
13.96,1.3,-0.4
13.97,1.3,-0.5
13.98,1.1,-0.4
13.99,0.9,-0.4
14,0.8,-0.2
14.01,0.7,-0.2
14.02,0.5,-0.1
14.03,0.5,-0.2
14.04,0.3,-0.4
14.05,0.2,-0.5
14.06,0,-0.8
14.07,-0.3,-1
14.08,-0.5,-1.2
14.09,-0.9,-1.3
14.1,-1,-1.3
14.11,-1,-1.1
14.12,-0.9,-0.8
14.13,-0.7,-0.5
14.14,-0.4,-0.3
14.15,-0.2,-0.2
14.16,0.1,-0.1
14.17,0.1,-0.2
14.18,0,-0.3
14.19,-0.2,-0.4
14.2,-0.4,-0.5
14.21,-0.5,-0.7
14.22,-0.5,-0.9
14.23,-0.4,-0.9
14.24,-0.1,-1.1
14.25,0.2,-1.1
14.26,0.6,-1.1
14.27,0.8,-1
14.28,1,-0.9
14.29,1,-0.7
14.3,0.8,-0.5
14.31,0.5,-0.4
14.32,0.2,-0.3
14.33,-0.2,-0.4
14.34,-0.5,-0.5
14.35,-0.6,-0.8
14.36,-0.7,-1
14.37,-0.6,-1.1
14.38,-0.6,-1.3
14.39,-0.5,-1.1
14.4,-0.4,-1
14.41,-0.5,-0.6
14.42,-0.5,-0.3
14.43,-0.7,0.1
14.44,-0.7,0.6
14.45,-0.6,0.8
14.46,-0.6,1
14.47,-0.4,1
14.48,-0.2,0.8
14.49,-0.1,0.6
14.5,0,0.3
14.51,0.1,0.1
14.52,0,0
14.53,-0.1,0.1
14.54,-0.2,0.2
14.55,-0.2,0.4
14.56,-0.2,0.7
14.57,0,0.9
14.58,0.1,1
14.59,0.3,1.2
14.6,0.5,1.3
14.61,0.6,1.4
14.62,0.9,1.4
14.63,0.9,1.4
14.64,1,1.3
14.65,1.1,1.4
14.66,1,1.3
14.67,1,1.3
14.68,1,1.3
14.69,0.9,1.1
14.7,0.9,0.9
14.71,0.8,0.7
14.72,0.7,0.4
14.73,0.5,0.1
14.74,0.5,-0.1
14.75,0.3,-0.3
14.76,0.4,-0.4
14.77,0.5,-0.4
14.78,0.5,-0.4
14.79,0.7,-0.4
14.8,0.7,-0.2
14.81,0.8,-0.2
14.82,0.6,0
14.83,0.5,0
14.84,0.3,-0.1
14.85,0.2,-0.1
14.86,0.1,-0.1
14.87,0.1,-0.3
14.88,0.1,-0.4
14.89,0.2,-0.4
14.9,0.2,-0.3
14.91,0.3,-0.4
14.92,0.2,-0.3
14.93,0.2,-0.3
14.94,0.1,-0.3
14.95,-0.1,-0.4
14.96,-0.2,-0.5
14.97,-0.3,-0.6
14.98,-0.4,-0.8
14.99,-0.6,-0.9
15,-0.6,-1.2
15.01,-0.8,-1.3
15.02,-1,-1.4
15.03,-1,-1.5
15.04,-1.2,-1.6
15.05,-1.2,-1.4
15.06,-1.2,-1.3
15.07,-1.2,-1.1
15.08,-1,-0.8
15.09,-0.9,-0.6
15.1,-0.7,-0.5
15.11,-0.6,-0.5
15.12,-0.3,-0.5
15.13,-0.2,-0.6
15.14,-0.2,-0.6
15.15,-0.1,-0.7
15.16,-0.1,-0.6
15.17,-0.4,-0.6
15.18,-0.5,-0.5
15.19,-0.7,-0.4
15.2,-0.8,-0.3
15.21,-0.9,-0.3
15.22,-0.9,-0.2
15.23,-0.9,-0.3
15.24,-0.7,-0.4
15.25,-0.6,-0.3
15.26,-0.7,-0.4
15.27,-0.6,-0.4
15.28,-0.8,-0.2
15.29,-0.9,-0.2
15.3,-0.8,0
15.31,-0.8,0
15.32,-0.7,0.1
15.33,-0.4,0.2
15.34,-0.1,0.2
15.35,0.1,0.4
15.36,0.2,0.5
15.37,0.4,0.6
15.38,0.3,0.7
15.39,0.1,0.9
15.4,0,0.9
15.41,-0.2,0.9
15.42,-0.3,1.1
15.43,-0.4,1.1
15.44,-0.4,1.2
15.45,-0.5,1.3
15.46,-0.3,1.4
15.47,-0.3,1.5
15.48,-0.1,1.5
15.49,-0.1,1.5
15.5,0,1.6
15.51,0.1,1.6
15.52,0.1,1.6
15.53,0.2,1.6
15.54,0.2,1.6
15.55,0.3,1.5
15.56,0.2,1.4
15.57,0.2,1.3
15.58,0.1,1.2
15.59,0.1,1.2
15.6,0.1,1.2
15.61,0.1,1.2
15.62,0,1.2
15.63,0.1,1.2
15.64,0.1,1.2
15.65,0,1.1
15.66,0,0.9
15.67,-0.2,0.7
15.68,-0.3,0.7
15.69,-0.3,0.6
15.7,-0.3,0.5
15.71,-0.3,0.6
15.72,-0.2,0.4
15.73,-0.1,0.5
15.74,-0.1,0.3
15.75,0,0.3
15.76,-0.2,0.3
15.77,-0.2,0.2
15.78,-0.3,0.3
15.79,-0.4,0.3
15.8,-0.4,0.4
15.81,-0.3,0.5
15.82,-0.4,0.7
15.83,-0.3,0.9
15.84,-0.3,0.9
15.85,-0.5,1.1
15.86,-0.5,1
15.87,-0.8,1.1
15.88,-0.9,1
15.89,-1,0.9
15.9,-0.9,0.7
15.91,-0.9,0.8
15.92,-0.9,0.7
15.93,-0.8,0.6
15.94,-0.8,0.7
15.95,-0.8,0.5
15.96,-0.9,0.5
15.97,-1.1,0.3
15.98,-1.3,0.2
15.99,-1.4,0.1
16,-1.5,0.1
16.01,-1.6,-0.1
16.02,-1.6,-0.2
16.03,-1.5,-0.2
16.04,-1.5,-0.3
16.05,-1.5,-0.3
16.06,-1.6,-0.4
16.07,-1.7,-0.3
16.08,-2.1,-0.4
16.09,-2.5,-0.4
16.1,-3,-0.3
16.11,-3.3,-0.3
16.12,-3.5,-0.3
16.13,-3.6,-0.4
16.14,-3.3,-0.4
16.15,-2.8,-0.5
16.16,-2.3,-0.6
16.17,-1.7,-0.7
16.18,-1.2,-1
16.19,-0.7,-1
16.2,-0.5,-1.2
16.21,-0.5,-1.2
16.22,-0.5,-1.3
16.23,-0.7,-1.3
16.24,-0.9,-1.3
16.25,-0.9,-1.4
16.26,-0.8,-1.5
16.27,-0.7,-1.5
16.28,-0.2,-1.6
16.29,0.1,-1.6
16.3,0.4,-1.5
16.31,0.6,-1.4
16.32,0.4,-1.3
16.33,0.2,-1.1
16.34,-0.2,-0.9
16.35,-0.6,-0.8
16.36,-0.9,-0.6
16.37,-1,-0.5
16.38,-0.8,-0.4
16.39,-0.6,-0.3
16.4,-0.1,-0.2
16.41,0.4,-0.1
16.42,0.7,0
16.43,1,0.2
16.44,1.2,0.3
16.45,1.3,0.4
16.46,1.1,0.5
16.47,1.1,0.6
16.48,0.9,0.7
16.49,0.7,0.7
16.5,0.5,0.9
16.51,0.4,1.1
16.52,0.5,1.2
16.53,0.5,1.5
16.54,0.6,1.6
16.55,0.9,1.7
16.56,1,1.9
16.57,1.3,1.9
16.58,1.4,1.9
16.59,1.5,2
16.6,1.7,1.9
16.61,1.6,1.8
16.62,1.7,1.7
16.63,1.6,1.4
16.64,1.6,1.3
16.65,1.4,1.1
16.66,1.2,0.8
16.67,1.1,0.8
16.68,0.9,0.7
16.69,0.8,0.7
16.7,0.6,0.8
16.71,0.4,0.8
16.72,0.4,0.9
16.73,0.4,1
16.74,0.5,0.8
16.75,0.6,0.8
16.76,0.7,0.8
16.77,0.9,0.6
16.78,1,0.5
16.79,1,0.5
16.8,1,0.3
16.81,0.9,0.3
16.82,0.8,0.1
16.83,0.5,0
16.84,0.3,0
16.85,0,-0.1
16.86,-0.3,-0.1
16.87,-0.4,-0.1
16.88,-0.7,-0.1
16.89,-0.8,0
16.9,-0.7,-0.1
16.91,-0.8,0
16.92,-0.6,0
16.93,-0.4,0
16.94,-0.3,0
16.95,-0.1,0.1
16.96,0,0.1
16.97,0,0
16.98,0,0.1
16.99,-0.2,0
17,-0.3,0
17.01,-0.4,0
17.02,-0.6,-0.1
17.03,-0.8,-0.1
17.04,-0.9,-0.2
17.05,-0.9,-0.4
17.06,-0.8,-0.5
17.07,-0.7,-0.5
17.08,-0.6,-0.7
17.09,-0.4,-0.6
17.1,-0.4,-0.5
17.11,-0.3,-0.6
17.12,-0.5,-0.5
17.13,-0.6,-0.6
17.14,-0.7,-0.7
17.15,-0.9,-1
17.16,-0.9,-1.1
17.17,-1,-1.4
17.18,-1,-1.6
17.19,-0.8,-1.6
17.2,-0.7,-1.5
17.21,-0.5,-1.3
17.22,-0.1,-1
17.23,0.2,-0.8
17.24,0.5,-0.6
17.25,0.7,-0.6
17.26,0.9,-0.8
17.27,0.7,-0.9
17.28,0.7,-1
17.29,0.3,-1.1
17.3,0,-1
17.31,-0.3,-0.9
17.32,-0.4,-0.7
17.33,-0.6,-0.5
17.34,-0.5,-0.3
17.35,-0.2,0
17.36,0,0
17.37,0.4,0.1
17.38,0.7,0.1
17.39,0.8,0
17.4,1,-0.1
17.41,1.1,-0.2
17.42,0.9,-0.3
17.43,0.7,-0.2
17.44,0.5,-0.2
17.45,0.1,-0.1
17.46,-0.2,-0.1
17.47,-0.4,-0.2
17.48,-0.5,-0.4
17.49,-0.6,-0.6
17.5,-0.6,-0.8
17.51,-0.6,-0.9
17.52,-0.6,-1
17.53,-0.6,-0.9
17.54,-0.7,-0.9
17.55,-0.8,-0.6
17.56,-0.8,-0.4
17.57,-1.1,-0.2
17.58,-1.3,-0.1
17.59,-1.6,0
17.6,-1.8,0.2
17.61,-1.8,0.1
17.62,-1.7,0.1
17.63,-1.4,-0.1
17.64,-0.8,-0.3
17.65,-0.3,-0.5
17.66,0.3,-0.7
17.67,0.6,-0.9
17.68,0.8,-0.9
17.69,0.7,-0.8
17.7,0.4,-0.5
17.71,-0.1,-0.4
17.72,-0.6,-0.1
17.73,-0.8,0
17.74,-1,0.1
17.75,-0.9,0
17.76,-0.7,-0.1
17.77,-0.4,-0.3
17.78,-0.2,-0.3
17.79,0.2,-0.5
17.8,0.3,-0.4
17.81,0.4,-0.4
17.82,0.2,-0.2
17.83,0.1,-0.2
17.84,-0.2,-0.1
17.85,-0.3,0
17.86,-0.3,-0.2
17.87,-0.2,-0.3
17.88,0.1,-0.4
17.89,0.4,-0.7
17.9,0.9,-0.8
17.91,1.2,-0.9
17.92,1.4,-0.8
17.93,1.4,-0.7
17.94,1,-0.5
17.95,0.7,-0.3
17.96,0.3,-0.1
17.97,0,-0.1
17.98,-0.3,0.1
17.99,-0.3,0.1
18,-0.2,0
18.01,0.1,-0.1
18.02,0.5,-0.2
18.03,0.7,-0.4
18.04,0.9,-0.3
18.05,1,-0.5
18.06,0.9,-0.3
18.07,0.8,-0.2
18.08,0.5,-0.1
18.09,0.5,0
18.1,0.3,0.1
18.11,0.4,0.2
18.12,0.5,0.2
18.13,0.6,0.2
18.14,0.8,0.2
18.15,0.9,0.2
18.16,0.8,0.3
18.17,0.8,0.4
18.18,0.7,0.5
18.19,0.5,0.6
18.2,0.4,0.7
18.21,0.2,0.7
18.22,0,0.7
18.23,0,0.8
18.24,-0.2,0.9
18.25,-0.1,0.8
18.26,-0.2,0.9
18.27,-0.1,0.8
18.28,0,0.6
18.29,0,0.5
18.3,0.1,0.4
18.31,0,0.2
18.32,-0.2,0.1
18.33,-0.3,0.3
18.34,-0.5,0.3
18.35,-0.8,0.3
18.36,-0.8,0.3
18.37,-0.7,0.2
18.38,-0.7,-0.1
18.39,-0.4,-0.2
18.4,-0.3,-0.4
18.41,-0.2,-0.5
18.42,-0.2,-0.4
18.43,-0.2,-0.2
18.44,-0.5,0
18.45,-0.5,0.1
18.46,-0.7,0.1
18.47,-0.6,0
18.48,-0.7,-0.2
18.49,-0.5,-0.5
18.5,-0.4,-0.7
18.51,-0.4,-0.9
18.52,-0.5,-0.9
18.53,-0.6,-0.9
18.54,-0.8,-0.9
18.55,-1.1,-0.7
18.56,-1.3,-0.7
18.57,-1.4,-0.7
18.58,-1.5,-0.6
18.59,-1.4,-0.7
18.6,-1.1,-0.6
18.61,-0.9,-0.7
18.62,-0.5,-0.5
18.63,-0.2,-0.5
18.64,-0.1,-0.4
18.65,0.1,-0.3
18.66,0,-0.2
18.67,-0.1,-0.4
18.68,-0.4,-0.7
18.69,-0.5,-0.9
18.7,-0.8,-1.3
18.71,-1,-1.5
18.72,-1.2,-1.6
18.73,-1.2,-1.4
18.74,-1.2,-1.2
18.75,-1.2,-0.8
18.76,-1.1,-0.5
18.77,-0.9,-0.2
18.78,-0.8,-0.2
18.79,-0.6,-0.2
18.8,-0.4,-0.2
18.81,-0.3,-0.3
18.82,-0.2,-0.3
18.83,-0.2,-0.1
18.84,-0.3,-0.1
18.85,-0.4,0
18.86,-0.5,0.2
18.87,-0.7,0.3
18.88,-0.7,0.4
18.89,-0.7,0.4
18.9,-0.8,0.5
18.91,-0.9,0.5
18.92,-0.8,0.5
18.93,-0.8,0.6
18.94,-0.6,0.5
18.95,-0.6,0.4
18.96,-0.3,0.3
18.97,-0.1,0.2
18.98,0.1,0.1
18.99,0.4,0
19,0.4,0.2
19.01,0.4,0.3
19.02,0.4,0.4
19.03,0.2,0.4
19.04,0,0.5
19.05,-0.1,0.4
19.06,-0.3,0.2
19.07,-0.3,0.1
19.08,-0.3,-0.1
19.09,-0.3,-0.2
19.1,-0.4,-0.1
19.11,-0.3,0
19.12,-0.3,0.2
19.13,-0.3,0.3
19.14,-0.1,0.6
19.15,-0.1,0.7
19.16,0,0.8
19.17,0.2,0.8
19.18,0.3,0.8
19.19,0.4,0.7
19.2,0.4,0.7
19.21,0.5,0.6
19.22,0.4,0.5
19.23,0.4,0.5
19.24,0.4,0.6
19.25,0.4,0.8
19.26,0.5,1
19.27,0.5,1.2
19.28,0.8,1.4
19.29,0.9,1.5
19.3,1,1.4
19.31,1.1,1.3
19.32,1.2,1.2
19.33,1,1
19.34,0.8,0.9
19.35,0.6,1
19.36,0.4,1
19.37,0.2,1.2
19.38,0.2,1.1
19.39,0.1,0.9
19.4,0.2,0.8
19.41,0.3,0.6
19.42,0.3,0.3
19.43,0.3,0.1
19.44,0.4,0
19.45,0.4,-0.1
19.46,0.5,-0.2
19.47,0.4,-0.2
19.48,0.5,-0.2
19.49,0.6,-0.3
19.5,0.5,-0.2
19.51,0.5,-0.2
19.52,0.4,-0.1
19.53,0.3,0
19.54,0.1,0.1
19.55,0,0.1
19.56,0,0.2
19.57,0.1,0.2
19.58,0.2,0.1
19.59,0.4,0.1
19.6,0.5,-0.1
19.61,0.6,0
19.62,0.7,-0.1
19.63,0.6,0
19.64,0.5,0
19.65,0.3,-0.1
19.66,0.2,-0.2
19.67,-0.1,-0.4
19.68,-0.2,-0.5
19.69,-0.4,-0.7
19.7,-0.6,-0.6
19.71,-0.7,-0.6
19.72,-0.8,-0.4
19.73,-0.9,-0.1
19.74,-0.9,0.1
19.75,-1,0.2
19.76,-1,0.2
19.77,-0.9,0.1
19.78,-0.9,-0.2
19.79,-0.9,-0.3
19.8,-0.8,-0.5
19.81,-0.9,-0.6
19.82,-0.8,-0.6
19.83,-0.9,-0.5
19.84,-0.9,-0.5
19.85,-0.8,-0.3
19.86,-0.7,-0.4
19.87,-0.6,-0.4
19.88,-0.2,-0.5
19.89,-0.1,-0.7
19.9,0.1,-0.9
19.91,0.1,-1.1
19.92,0,-1.3
19.93,-0.2,-1.4
19.94,-0.4,-1.4
19.95,-0.8,-1.5
19.96,-1.1,-1.4
19.97,-1.3,-1.3
19.98,-1.4,-1.3
19.99,-1.5,-1.1
20,-1.6,-1
20.01,-1.4,-0.8
20.02,-1.4,-0.7
20.03,-1.2,-0.5
20.04,-1.3,-0.4
20.05,-1.4,-0.4
20.06,-1.6,-0.3
20.07,-1.7,-0.2
20.08,-1.9,-0.2
20.09,-2.1,-0.1
20.1,-2,0
20.11,-1.9,0.1
20.12,-1.6,0.2
20.13,-1.5,0.1
20.14,-1.3,0
20.15,-1.1,-0.1
20.16,-1.2,-0.2
20.17,-1.2,-0.3
20.18,-1.3,-0.4
20.19,-1.4,-0.5
20.2,-1.3,-0.5
20.21,-1.3,-0.3
20.22,-1.1,-0.2
20.23,-0.9,0
20.24,-0.6,0.2
20.25,-0.4,0.4
20.26,-0.3,0.4
20.27,-0.4,0.3
20.28,-0.6,0.1
20.29,-0.8,-0.2
20.3,-1.2,-0.4
20.31,-1.4,-0.6
20.32,-1.5,-0.7
20.33,-1.6,-0.7
20.34,-1.6,-0.6
20.35,-1.5,-0.3
20.36,-1.3,-0.3
20.37,-1.2,0
20.38,-1.1,0
20.39,-1.1,0.2
20.4,-1.1,0.3
20.41,-1.4,0.6
20.42,-1.5,0.8
20.43,-1.7,1.2
20.44,-1.9,1.4
20.45,-2,1.7
20.46,-1.8,2
20.47,-1.7,2.1
20.48,-1.3,2.1
20.49,-0.8,2.2
20.5,-0.4,2.1
20.51,-0.1,2.1
20.52,0.3,2
20.53,0.5,2
20.54,0.4,2
20.55,0.4,1.9
20.56,0.3,2
20.57,0.1,2.1
20.58,0,2
20.59,0.1,2.1
20.6,0.2,2
20.61,0.4,2
20.62,0.8,1.8
20.63,1.1,1.8
20.64,1.5,1.7
20.65,1.7,1.7
20.66,2,1.6
20.67,2.1,1.6
20.68,2.3,1.3
20.69,2.5,1
20.7,2.7,0.8
20.71,2.8,0.5
20.72,3,0.2
20.73,2.9,0
20.74,2.7,-0.1
20.75,2.5,-0.1
20.76,2.2,-0.1
20.77,1.9,-0.2
20.78,1.6,-0.2
20.79,1.4,-0.3
20.8,1.2,-0.3
20.81,1.3,-0.5
20.82,1.3,-0.4
20.83,1.4,-0.6
20.84,1.6,-0.5
20.85,1.8,-0.7
20.86,2,-0.9
20.87,2.2,-1
20.88,2.2,-1.1
20.89,2.3,-1.2
20.9,2.2,-1.1
20.91,2.1,-1
20.92,2,-0.8
20.93,1.8,-0.7
20.94,1.7,-0.7
20.95,1.5,-0.7
20.96,1.4,-0.7
20.97,1,-0.9
20.98,0.9,-0.9
20.99,0.7,-0.9
21,0.7,-1
21.01,0.6,-0.9
21.02,0.8,-1.1
21.03,1,-1.1
21.04,1,-1.2
21.05,1,-1.4
21.06,0.9,-1.4
21.07,0.7,-1.4
21.08,0.4,-1.3
21.09,0.2,-1.1
21.1,0,-1
21.11,0,-0.8
21.12,-0.1,-0.7
21.13,-0.1,-0.7
21.14,0,-0.6
21.15,0,-0.7
21.16,0,-0.7
21.17,0,-0.8
21.18,0,-0.8
21.19,-0.1,-0.8
21.2,-0.1,-0.8
21.21,-0.1,-0.7
21.22,0,-0.7
21.23,0,-0.7
21.24,0,-0.8
21.25,0.1,-0.7
21.26,0.2,-0.9
21.27,0.2,-1
21.28,0,-1.2
21.29,0,-1.2
21.3,-0.2,-1.2
21.31,-0.3,-1.2
21.32,-0.4,-1
21.33,-0.6,-1.1
21.34,-0.7,-1
21.35,-0.6,-1
21.36,-0.7,-1.1
21.37,-0.6,-1.2
21.38,-0.6,-1.1
21.39,-0.6,-1.1
21.4,-0.5,-0.9
21.41,-0.5,-0.7
21.42,-0.5,-0.4
21.43,-0.5,-0.2
21.44,-0.4,0.1
21.45,-0.3,0.1
21.46,-0.4,0.1
21.47,-0.3,0.1
21.48,-0.5,0
21.49,-0.4,-0.1
21.5,-0.7,-0.2
21.51,-0.7,-0.3
21.52,-0.9,-0.3
21.53,-0.9,-0.2
21.54,-0.9,-0.3
21.55,-0.9,-0.2
21.56,-0.6,-0.2
21.57,-0.4,-0.3
21.58,-0.1,-0.4
21.59,0.1,-0.5
21.6,0.3,-0.5
21.61,0.5,-0.6
21.62,0.5,-0.5
21.63,0.4,-0.6
21.64,0.4,-0.4
21.65,0.2,-0.3
21.66,0.1,-0.3
21.67,0,-0.2
21.68,0,-0.3
21.69,0,-0.3
21.7,0,-0.4
21.71,0.2,-0.4
21.72,0.2,-0.6
21.73,0.3,-0.6
21.74,0.2,-0.5
21.75,0.2,-0.5
21.76,0.1,-0.4
21.77,-0.1,-0.1
21.78,-0.2,0
21.79,-0.2,0.3
21.8,-0.2,0.4
21.81,-0.1,0.6
21.82,0,0.7
21.83,0,0.7
21.84,0.1,0.7
21.85,0,0.7
21.86,0,0.8
21.87,-0.3,0.9
21.88,-0.4,0.9
21.89,-0.5,1.1
21.9,-0.6,1.2
21.91,-0.7,1.2
21.92,-0.7,1.2
21.93,-0.6,1.2
21.94,-0.5,1.2
21.95,-0.4,1.1
21.96,-0.3,1.1
21.97,-0.2,1.1
21.98,-0.2,1.1
21.99,-0.1,1.3
22,-0.2,1.4
22.01,-0.3,1.4
22.02,-0.4,1.5
22.03,-0.5,1.4
22.04,-0.6,1.5
22.05,-0.7,1.4
22.06,-0.6,1.3
22.07,-0.5,1.4
22.08,-0.4,1.4
22.09,-0.2,1.3
22.1,0,1.2
22.11,0.2,1
22.12,0.3,0.7
22.13,0.4,0.5
22.14,0.5,0.2
22.15,0.4,0
22.16,0.5,0.1
22.17,0.5,0.1
22.18,0.5,0.3
22.19,0.5,0.4
22.2,0.5,0.7
22.21,0.7,0.7
22.22,0.6,0.8
22.23,0.8,0.8
22.24,0.7,0.7
22.25,0.7,0.5
22.26,0.6,0.4
22.27,0.4,0.1
22.28,0.3,0
22.29,0,-0.1
22.3,-0.1,-0.2
22.31,-0.3,-0.1
22.32,-0.3,0
22.33,-0.3,0.1
22.34,-0.4,0.1
22.35,-0.4,0.1
22.36,-0.4,0
22.37,-0.3,0
22.38,-0.4,-0.2
22.39,-0.4,-0.3
22.4,-0.3,-0.3
22.41,-0.3,-0.3
22.42,-0.3,-0.4
22.43,-0.4,-0.3
22.44,-0.6,-0.4
22.45,-0.7,-0.3
22.46,-1,-0.4
22.47,-1.2,-0.3
22.48,-1.3,-0.4
22.49,-1.5,-0.2
22.5,-1.3,-0.3
22.51,-1.2,-0.2
22.52,-0.8,-0.2
22.53,-0.4,-0.3
22.54,-0.1,-0.2
22.55,0.1,-0.3
22.56,0.3,-0.3
22.57,0.1,-0.2
22.58,0.1,-0.1
22.59,-0.2,0.1
22.6,-0.3,0.2
22.61,-0.4,0.2
22.62,-0.5,0.3
22.63,-0.3,0.2
22.64,-0.1,0.1
22.65,-0.1,0
22.66,0.1,-0.2
22.67,0,-0.3
22.68,0,-0.2
22.69,-0.2,-0.3
22.7,-0.3,-0.1
22.71,-0.5,0.1
22.72,-0.5,0.2
22.73,-0.4,0.3
22.74,-0.4,0.4
22.75,-0.2,0.3
22.76,0,0.1
22.77,0.2,0.1
22.78,0.3,-0.1
22.79,0.5,-0.3
22.8,0.5,-0.2
22.81,0.5,-0.3
22.82,0.3,-0.2
22.83,0,0
22.84,-0.2,-0.1
22.85,-0.4,0.1
22.86,-0.5,0
22.87,-0.6,0
22.88,-0.5,-0.1
22.89,-0.5,0
22.9,-0.3,-0.2
22.91,-0.2,-0.1
22.92,-0.2,-0.1
22.93,-0.2,0
22.94,-0.2,0.1
22.95,-0.2,0.3
22.96,-0.1,0.5
22.97,0.1,0.6
22.98,0.3,0.7
22.99,0.5,0.8
23,0.6,0.7
23.01,0.8,0.6
23.02,0.7,0.6
23.03,0.6,0.5
23.04,0.5,0.5
23.05,0.4,0.6
23.06,0.3,0.7
23.07,0.4,0.7
23.08,0.4,0.9
23.09,0.5,0.9
23.1,0.6,1
23.11,0.6,1.1
23.12,0.7,1
23.13,0.8,1.1
23.14,0.7,1
23.15,0.8,0.8
23.16,0.9,0.7
23.17,0.8,0.4
23.18,0.8,0.4
23.19,0.7,0.2
23.2,0.6,0.3
23.21,0.5,0.3
23.22,0.2,0.3
23.23,0.2,0.3
23.24,0,0.4
23.25,0,0.3
23.26,0,0.3
23.27,-0.1,0.5
23.28,-0.2,0.5
23.29,-0.2,0.8
23.3,-0.4,0.8
23.31,-0.5,0.9
23.32,-0.6,0.8
23.33,-0.7,0.8
23.34,-0.7,0.8
23.35,-0.8,0.8
23.36,-0.9,0.8
23.37,-0.9,0.9
23.38,-1,1
23.39,-1.1,0.9
23.4,-1.2,0.9
23.41,-1.3,0.8
23.42,-1.2,0.7
23.43,-1.3,0.5
23.44,-1.4,0.6
23.45,-1.4,0.6
23.46,-1.3,0.5
23.47,-1.4,0.6
23.48,-1.2,0.5
23.49,-1,0.4
23.5,-0.8,0.3
23.51,-0.5,0.3
23.52,-0.4,0.2
23.53,-0.2,0.2
23.54,-0.3,0.2
23.55,-0.4,0.2
23.56,-0.5,0.3
23.57,-0.7,0.3
23.58,-0.8,0.4
23.59,-0.9,0.3
23.6,-0.9,0.2
23.61,-0.9,0.2
23.62,-0.9,0.1
23.63,-0.8,0
23.64,-0.9,-0.1
23.65,-0.9,0
23.66,-1,0
23.67,-1.3,0.2
23.68,-1.5,0.4
23.69,-1.9,0.5
23.7,-2.2,0.6
23.71,-2.6,0.5
23.72,-3,0.5
23.73,-3.3,0.3
23.74,-3.4,0.1
23.75,-3.4,-0.1
23.76,-3.2,-0.2
23.77,-2.8,-0.3
23.78,-2.3,-0.2
23.79,-1.5,-0.3
23.8,-0.9,-0.2
23.81,-0.3,-0.3
23.82,0.2,-0.4
23.83,0.6,-0.5
23.84,0.7,-0.4
23.85,0.7,-0.5
23.86,0.6,-0.4
23.87,0.6,-0.4
23.88,0.6,-0.3
23.89,0.7,-0.4
23.9,0.9,-0.3
23.91,1.3,-0.3
23.92,1.6,-0.3
23.93,2,-0.4
23.94,2.4,-0.4
23.95,2.7,-0.4
23.96,2.9,-0.3
23.97,2.9,-0.4
23.98,2.8,-0.4
23.99,2.7,-0.4
24,2.5,-0.4
24.01,2.4,-0.5
24.02,2.2,-0.5
24.03,2.2,-0.7
24.04,2.4,-0.8
24.05,2.4,-0.8
24.06,2.5,-0.7
24.07,2.5,-0.5
24.08,2.4,-0.3
24.09,2.2,0
24.1,2,0.3
24.11,1.6,0.4
24.12,1.4,0.4
24.13,1.3,0.3
24.14,1.3,-0.1
24.15,1.4,-0.2
24.16,1.6,-0.6
24.17,1.8,-0.6
24.18,1.9,-0.7
24.19,2.1,-0.5
24.2,2,-0.3
24.21,1.9,0
24.22,1.9,0.2
24.23,1.7,0.4
24.24,1.7,0.5
24.25,1.5,0.5
24.26,1.6,0.5
24.27,1.4,0.3
24.28,1.3,0.2
24.29,1.1,0.2
24.3,0.9,0
24.31,0.6,0.1
24.32,0.2,0.1
24.33,0.1,0
24.34,-0.2,0
24.35,-0.2,-0.1
24.36,-0.2,-0.2
24.37,-0.2,-0.4
24.38,-0.1,-0.5
24.39,0,-0.6
24.4,0,-0.6
24.41,0,-0.5
24.42,-0.1,-0.7
24.43,-0.1,-0.7
24.44,-0.2,-0.8
24.45,-0.4,-1
24.46,-0.4,-1.3
24.47,-0.6,-1.3
24.48,-0.7,-1.4
24.49,-0.6,-1.3
24.5,-0.6,-1
24.51,-0.4,-0.8
24.52,-0.2,-0.6
24.53,0,-0.3
24.54,0,-0.2
24.55,0.2,-0.2
24.56,0.2,-0.3
24.57,0.2,-0.5
24.58,0.2,-0.6
24.59,0.4,-0.8
24.6,0.5,-1
24.61,0.7,-0.9
24.62,0.7,-0.8
24.63,0.9,-0.7
24.64,0.9,-0.6
24.65,0.8,-0.5
24.66,0.7,-0.5
24.67,0.8,-0.6
24.68,0.6,-0.8
24.69,0.7,-0.8
24.7,0.7,-1
24.71,0.8,-0.9
24.72,0.8,-0.8
24.73,0.7,-0.8
24.74,0.8,-0.8
24.75,0.7,-0.6
24.76,0.7,-0.7
24.77,0.7,-0.6
24.78,0.8,-0.7
24.79,0.7,-0.7
24.8,0.8,-0.7
24.81,0.8,-0.7
24.82,0.7,-0.7
24.83,0.7,-0.5
24.84,0.7,-0.5
24.85,0.7,-0.5
24.86,0.5,-0.3
24.87,0.5,-0.3
24.88,0.5,-0.2
24.89,0.4,-0.3
24.9,0.4,-0.3
24.91,0.4,-0.4
24.92,0.4,-0.4
24.93,0.3,-0.6
24.94,0.2,-0.5
24.95,0.2,-0.5
24.96,-0.1,-0.4
24.97,-0.1,-0.4
24.98,-0.3,-0.4
24.99,-0.3,-0.3
25,-0.3,-0.5
25.01,-0.3,-0.5
25.02,-0.4,-0.7
25.03,-0.3,-0.8
25.04,-0.3,-1
25.05,-0.4,-1.1
25.06,-0.5,-1.1
25.07,-0.4,-1.2
25.08,-0.5,-1.1
25.09,-0.4,-0.9
25.1,-0.5,-0.8
25.11,-0.4,-0.6
25.12,-0.6,-0.3
25.13,-0.6,-0.2
25.14,-0.7,0
25.15,-0.7,0.1
25.16,-0.7,0.1
25.17,-0.5,0.1
25.18,-0.3,0
25.19,0,0
25.2,0.3,-0.1
25.21,0.5,-0.2
25.22,0.7,-0.3
25.23,0.7,-0.4
25.24,0.7,-0.5
25.25,0.4,-0.5
25.26,0.3,-0.6
25.27,0.1,-0.7
25.28,-0.1,-0.6
25.29,-0.1,-0.6
25.3,0,-0.6
25.31,0.1,-0.7
25.32,0.1,-0.7
25.33,0.3,-0.7
25.34,0.4,-0.7
25.35,0.3,-0.6
25.36,0.4,-0.5
25.37,0.3,-0.1
25.38,0.1,0.1
25.39,0.1,0.3
25.4,0.1,0.4
25.41,0.2,0.3
25.42,0.3,0.3
25.43,0.5,0.1
25.44,0.6,-0.1
25.45,0.9,-0.1
25.46,0.8,-0.1
25.47,0.8,-0.1
25.48,0.6,0.2
25.49,0.4,0.3
25.5,0.1,0.4
25.51,-0.1,0.5
25.52,-0.3,0.5
25.53,-0.2,0.3
25.54,-0.2,0.3
25.55,0,0.1
25.56,0.3,0
25.57,0.5,-0.1
25.58,0.6,-0.1
25.59,0.6,0.1
25.6,0.5,0.2
25.61,0.3,0.5
25.62,0.1,0.5
25.63,-0.1,0.6
25.64,-0.4,0.6
25.65,-0.6,0.5
25.66,-0.7,0.5
25.67,-0.9,0.3
25.68,-0.9,0.4
25.69,-0.9,0.4
25.7,-0.9,0.5
25.71,-0.8,0.6
25.72,-0.8,0.7
25.73,-0.7,0.8
25.74,-0.6,0.7
25.75,-0.7,0.7
25.76,-0.7,0.5
25.77,-0.6,0.4
25.78,-0.5,0.4
25.79,-0.4,0.3
25.8,-0.4,0.4
25.81,-0.3,0.3
25.82,-0.3,0.4
25.83,-0.3,0.4
25.84,-0.5,0.1
25.85,-0.6,0
25.86,-0.6,-0.1
25.87,-0.6,-0.4
25.88,-0.6,-0.3
25.89,-0.5,-0.4
25.9,-0.5,-0.3
25.91,-0.4,-0.1
25.92,-0.5,-0.1
25.93,-0.6,-0.1
25.94,-0.6,0
25.95,-0.8,0
25.96,-0.9,0
25.97,-0.7,0
25.98,-0.6,0
25.99,-0.4,-0.1
26,-0.1,-0.2
26.01,0.2,-0.3
26.02,0.3,-0.4
26.03,0.2,-0.4
26.04,0.2,-0.5
26.05,0,-0.4
26.06,-0.2,-0.3
26.07,-0.5,-0.2
26.08,-0.5,0
26.09,-0.7,0
26.1,-0.6,0.1
26.11,-0.5,0
26.12,-0.4,-0.1
26.13,-0.3,0
26.14,-0.1,-0.1
26.15,-0.1,-0.1
26.16,-0.2,0.1
26.17,-0.2,0.1
26.18,-0.2,0.1
26.19,-0.3,0
26.2,-0.2,0.1
26.21,-0.1,0
26.22,0.1,-0.1
26.23,0.3,0.1
26.24,0.5,0
26.25,0.6,0.1
26.26,0.6,0.3
26.27,0.6,0.2
26.28,0.5,0.4
26.29,0.2,0.5
26.3,0,0.4
26.31,-0.1,0.6
26.32,-0.2,0.5
26.33,-0.2,0.4
26.34,0,0.3
26.35,0.2,0.3
26.36,0.3,0.2
26.37,0.5,0.2
26.38,0.6,0.3
26.39,0.6,0.3
26.4,0.6,0.4
26.41,0.5,0.4
26.42,0.3,0.4
26.43,0.3,0.3
26.44,0.1,0.3
26.45,0.2,0.1
26.46,0.2,-0.1
26.47,0.4,0
26.48,0.6,-0.1
26.49,0.9,0.1
26.5,1,0.3
26.51,1.2,0.5
26.52,1.1,0.6
26.53,0.9,0.9
26.54,0.7,0.8
26.55,0.5,0.8
26.56,0.4,0.6
26.57,0.3,0.4
26.58,0.4,0.2
26.59,0.6,-0.1
26.6,0.7,-0.2
26.61,0.8,-0.3
26.62,0.9,-0.2
26.63,1,-0.2
26.64,0.8,0
26.65,0.8,0.1
26.66,0.8,0.1
26.67,0.7,0.2
26.68,0.6,0.2
26.69,0.7,0.3
26.7,0.6,0.3
26.71,0.7,0.1
26.72,0.7,0.1
26.73,0.8,-0.1
26.74,0.7,-0.2
26.75,0.7,-0.3
26.76,0.5,-0.2
26.77,0.4,-0.3
26.78,0.2,-0.3
26.79,0.1,-0.3
26.8,0,-0.4
26.81,-0.2,-0.5
26.82,-0.3,-0.7
26.83,-0.5,-0.7
26.84,-0.7,-0.7
26.85,-1,-0.7
26.86,-1.1,-0.6
26.87,-1.2,-0.4
26.88,-1.3,-0.3
26.89,-1.3,-0.2
26.9,-1.2,-0.1
26.91,-1.1,0
26.92,-1,-0.1
26.93,-0.8,-0.1
26.94,-0.8,-0.1
26.95,-0.7,0
26.96,-0.6,0
26.97,-0.6,0.2
26.98,-0.6,0.2
26.99,-0.6,0.2
27,-0.6,0.2
27.01,-0.6,0.2
27.02,-0.6,0
27.03,-0.4,-0.1
27.04,-0.3,-0.2
27.05,-0.3,-0.4
27.06,-0.1,-0.5
27.07,-0.1,-0.6
27.08,-0.2,-0.5
27.09,-0.2,-0.5
27.1,-0.3,-0.4
27.11,-0.5,-0.2
27.12,-0.5,-0.1
27.13,-0.7,-0.1
27.14,-0.6,-0.1
27.15,-0.6,-0.1
27.16,-0.4,-0.2
27.17,-0.1,-0.3
27.18,0.1,-0.4
27.19,0.4,-0.4
27.2,0.4,-0.3
27.21,0.3,-0.3
27.22,0.2,-0.1
27.23,0,-0.2
27.24,-0.3,-0.1
27.25,-0.6,-0.2
27.26,-0.6,-0.2
27.27,-0.4,-0.3
27.28,-0.3,-0.3
27.29,0.2,-0.2
27.3,0.5,-0.3
27.31,0.9,-0.3
27.32,1.1,-0.2
27.33,1.3,-0.4
27.34,1.2,-0.4
27.35,1.1,-0.4
27.36,0.8,-0.4
27.37,0.6,-0.3
27.38,0.4,-0.3
27.39,0.3,-0.1
27.4,0.2,0
27.41,0.2,0.1
27.42,0.3,0.3
27.43,0.4,0.3
27.44,0.6,0.3
27.45,0.7,0.3
27.46,0.7,0.4
27.47,0.8,0.3
27.48,0.8,0.3
27.49,0.8,0.5
27.5,0.9,0.5
27.51,0.7,0.8
27.52,0.8,0.9
27.53,0.6,0.9
27.54,0.6,1
27.55,0.5,1
27.56,0.3,0.8
27.57,0.1,0.6
27.58,-0.1,0.5
27.59,-0.3,0.3
27.6,-0.6,0.2
27.61,-0.8,0.1
27.62,-1,0.1
27.63,-1.2,0
27.64,-1.3,0.1
27.65,-1.3,0.1
27.66,-1.3,0.1
27.67,-1.3,0.2
27.68,-1.1,0.2
27.69,-1,0.1
27.7,-1,0
27.71,-1,0
27.72,-1,-0.2
27.73,-1.3,-0.3
27.74,-1.4,-0.2
27.75,-1.7,-0.1
27.76,-1.9,0.1
27.77,-2,0.3
27.78,-2.1,0.6
27.79,-2,0.7
27.8,-2.1,0.9
27.81,-2.1,0.8
27.82,-2.1,0.9
27.83,-2.3,0.8
27.84,-2.4,0.7
27.85,-2.6,0.8
27.86,-2.9,0.7
27.87,-2.8,0.7
27.88,-2.8,0.5
27.89,-2.4,0.6
27.9,-2,0.4
27.91,-1.4,0.2
27.92,-0.7,0.2
27.93,-0.3,0.1
27.94,0,-0.1
27.95,0,-0.2
27.96,-0.2,-0.4
27.97,-0.7,-0.5
27.98,-1.1,-0.4
27.99,-1.6,-0.3
28,-2,-0.1
28.01,-2.2,-0.1
28.02,-2.1,0.1
28.03,-1.9,0
28.04,-1.6,0
28.05,-1.2,0
28.06,-0.8,-0.2
28.07,-0.5,-0.2
28.08,-0.4,-0.3
28.09,-0.2,-0.2
28.1,-0.1,-0.3
28.11,-0.1,-0.2
28.12,0,-0.2
28.13,0.1,-0.1
28.14,0.2,0.1
28.15,0.2,0.1
28.16,0.3,0.3
28.17,0.4,0.4
28.18,0.3,0.4
28.19,0.5,0.4
28.2,0.5,0.4
28.21,0.6,0.4
28.22,0.8,0.3
28.23,0.9,0.3
28.24,1,0.3
28.25,1.1,0.4
28.26,1.2,0.4
28.27,1.2,0.4
28.28,1.2,0.7
28.29,1.2,0.8
28.3,1.3,0.9
28.31,1.5,1.2
28.32,1.6,1.4
28.33,1.7,1.6
28.34,2,1.7
28.35,1.9,1.9
28.36,1.9,1.8
28.37,1.7,1.9
28.38,1.3,1.8
28.39,1.1,1.8
28.4,0.8,1.7
28.41,0.7,1.6
28.42,0.7,1.6
28.43,0.8,1.6
28.44,1,1.5
28.45,1.1,1.4
28.46,1.2,1.3
28.47,1,1.2
28.48,0.7,1.1
28.49,0.4,1
28.5,0.1,0.8
28.51,-0.2,0.8
28.52,-0.4,0.6
28.53,-0.5,0.6
28.54,-0.6,0.6
28.55,-0.7,0.6
28.56,-0.7,0.6
28.57,-0.7,0.8
28.58,-0.7,0.9
28.59,-0.7,1
28.6,-0.6,1.1
28.61,-0.6,1.1
28.62,-0.5,1
28.63,-0.6,0.8
28.64,-0.6,0.7
28.65,-0.7,0.5
28.66,-0.7,0.3
28.67,-0.8,0.1
28.68,-1,0
28.69,-0.9,-0.2
28.7,-1,-0.2
28.71,-1,-0.3
28.72,-1,-0.5
28.73,-0.8,-0.5
28.74,-0.9,-0.8
28.75,-0.8,-0.8
28.76,-0.9,-1
28.77,-0.9,-1
28.78,-0.9,-1
28.79,-0.9,-0.9
28.8,-1,-0.8
28.81,-0.8,-0.8
28.82,-0.8,-0.8
28.83,-0.8,-0.7
28.84,-0.8,-0.8
28.85,-0.9,-0.8
28.86,-0.9,-1
28.87,-1,-0.9
28.88,-1,-1
28.89,-1,-0.9
28.9,-0.8,-0.7
28.91,-0.7,-0.5
28.92,-0.4,-0.4
28.93,-0.4,-0.2
28.94,-0.3,-0.1
28.95,-0.3,0
28.96,-0.4,0
28.97,-0.5,-0.1
28.98,-0.5,-0.2
28.99,-0.6,-0.4
29,-0.5,-0.7
29.01,-0.2,-0.8
29.02,-0.1,-1
29.03,0,-1.2
29.04,0.2,-1.2
29.05,0.3,-1.3
29.06,0.1,-1.3
29.07,0.1,-1.4
29.08,-0.1,-1.4
29.09,-0.1,-1.5
29.1,-0.2,-1.6
29.11,-0.1,-1.6
29.12,0,-1.6
29.13,0.2,-1.6
29.14,0.3,-1.3
29.15,0.4,-1.2
29.16,0.5,-0.9
29.17,0.5,-0.6
29.18,0.5,-0.4
29.19,0.4,-0.2
29.2,0.3,0
29.21,0.4,0.2
29.22,0.4,0.4
29.23,0.4,0.4
29.24,0.6,0.3
29.25,0.8,0.1
29.26,1,-0.1
29.27,1.1,-0.4
29.28,1.2,-0.7
29.29,1.1,-0.8
29.3,1,-0.9
29.31,0.7,-0.9
29.32,0.5,-0.8
29.33,0.3,-0.6
29.34,0,-0.5
29.35,-0.1,-0.4
29.36,0,-0.3
29.37,0,-0.4
29.38,0.2,-0.4
29.39,0.4,-0.5
29.4,0.4,-0.5
29.41,0.6,-0.6
29.42,0.6,-0.5
29.43,0.5,-0.5
29.44,0.6,-0.4
29.45,0.5,-0.2
29.46,0.5,-0.1
29.47,0.5,0.1
29.48,0.4,0.3
29.49,0.4,0.5
29.5,0.3,0.6
29.51,0.2,0.8
29.52,0,0.8
29.53,-0.2,0.8
29.54,-0.2,0.6
29.55,-0.2,0.3
29.56,-0.1,0.1
29.57,0.1,-0.3
29.58,0.2,-0.6
29.59,0.4,-0.9
29.6,0.4,-1
29.61,0.5,-1.2
29.62,0.5,-1.2
29.63,0.4,-1.3
29.64,0.3,-1.5
29.65,0.1,-1.8
29.66,-0.1,-2.3
29.67,-0.2,-2.6
29.68,-0.5,-2.8
29.69,-0.6,-3
29.7,-0.7,-2.9
29.71,-0.8,-2.6
29.72,-0.9,-2.2
29.73,-0.9,-1.8
29.74,-0.8,-1.6
29.75,-0.6,-1.3
29.76,-0.4,-1.2
29.77,-0.1,-1.1
29.78,0.1,-1
29.79,0.4,-0.8
29.8,0.5,-0.6
29.81,0.4,-0.5
29.82,0.3,-0.4
29.83,0.1,-0.4
29.84,-0.3,-0.5
29.85,-0.5,-0.7
29.86,-0.7,-0.9
29.87,-0.8,-0.9
29.88,-0.9,-0.9
29.89,-0.8,-0.7
29.9,-0.7,-0.6
29.91,-0.7,-0.3
29.92,-0.5,-0.3
29.93,-0.5,-0.1
29.94,-0.4,-0.2
29.95,-0.3,-0.2
29.96,-0.2,-0.3
29.97,-0.1,-0.4
29.98,0.1,-0.4
29.99,0.2,-0.5
30,0.4,-0.5
30.01,0.3,-0.5
30.02,0.3,-0.2
30.03,0.2,0
30.04,-0.1,0.3
30.05,-0.4,0.6
30.06,-0.5,0.9
30.07,-0.7,1
30.08,-0.8,1
30.09,-0.8,1
30.1,-0.6,1
30.11,-0.6,1
30.12,-0.5,1.1
30.13,-0.4,1.3
30.14,-0.5,1.5
30.15,-0.5,1.8
30.16,-0.7,1.9
30.17,-0.9,1.9
30.18,-1,2
30.19,-1.3,2
30.2,-1.5,1.9
30.21,-1.8,2
30.22,-1.9,2.1
30.23,-2,2.3
30.24,-1.8,2.6
30.25,-1.6,2.7
30.26,-1.2,2.9
30.27,-0.8,3
30.28,-0.3,2.9
30.29,0.2,2.7
30.3,0.5,2.6
30.31,0.7,2.5
30.32,0.8,2.5
30.33,0.7,2.6
30.34,0.6,2.7
30.35,0.4,2.8
30.36,0.3,2.9
30.37,0.1,2.8
30.38,0.1,2.7
30.39,0.1,2.3
30.4,0.2,1.9
30.41,0.3,1.4
30.42,0.6,1
30.43,0.8,0.6
30.44,0.9,0.3
30.45,1,0.2
30.46,1,0.1
30.47,0.8,0.2
30.48,0.6,0.2
30.49,0.5,0.2
30.5,0.5,0.1
30.51,0.6,0.2
30.52,0.7,0.1
30.53,0.9,0.2
30.54,1,0.1
30.55,1,0.2
30.56,1.1,0.1
30.57,1,-0.1
30.58,0.9,-0.2
30.59,0.8,-0.3
30.6,0.6,-0.3
30.61,0.6,-0.3
30.62,0.6,-0.2
30.63,0.7,-0.1
30.64,0.7,0.1
30.65,0.8,0.1
30.66,0.9,0
30.67,1,-0.1
30.68,1,-0.4
30.69,1,-0.5
30.7,1.1,-0.7
30.71,1.2,-0.7
30.72,1.2,-0.7
30.73,1.2,-0.5
30.74,1.3,-0.5
30.75,1.2,-0.3
30.76,1.2,-0.3
30.77,1.2,-0.4
30.78,1.2,-0.3
30.79,1.1,-0.3
30.8,1.2,-0.4
30.81,1.3,-0.4
30.82,1.2,-0.4
30.83,1.3,-0.4
30.84,1.1,-0.5
30.85,1.1,-0.5
30.86,1.1,-0.6
30.87,1,-0.5
30.88,1,-0.6
30.89,1,-0.5
30.9,1.1,-0.5
30.91,1,-0.6
30.92,1,-0.6
30.93,0.8,-0.6
30.94,0.5,-0.7
30.95,0.4,-0.6
30.96,0.1,-0.5
30.97,-0.1,-0.5
30.98,-0.2,-0.4
30.99,-0.3,-0.5
31,-0.3,-0.6
31.01,-0.5,-0.6
31.02,-0.6,-0.8
31.03,-0.7,-0.8
31.04,-0.9,-0.7
31.05,-0.9,-0.5
31.06,-1.1,-0.4
31.07,-1.1,-0.3
31.08,-1.2,-0.2
31.09,-1.2,-0.1
31.1,-1.2,-0.1
31.11,-1.5,-0.2
31.12,-1.7,-0.1
31.13,-1.9,0
31.14,-2.1,0
31.15,-2.2,0.1
31.16,-2.2,0.3
31.17,-2,0.3
31.18,-1.7,0.4
31.19,-1.4,0.4
31.2,-1.1,0.3
31.21,-0.9,0.3
31.22,-0.9,0.1
31.23,-0.8,0.1
31.24,-1,0
31.25,-1.1,-0.1
31.26,-1.1,-0.1
31.27,-1,-0.1
31.28,-1,-0.3
31.29,-0.8,-0.5
31.3,-0.8,-0.7
31.31,-0.8,-0.9
31.32,-0.9,-1.2
31.33,-1.1,-1.3
31.34,-1.2,-1.6
31.35,-1.5,-1.6
31.36,-1.7,-1.7
31.37,-1.9,-1.7
31.38,-1.9,-1.5
31.39,-2.1,-1.4
31.4,-2.3,-1
31.41,-2.5,-0.8
31.42,-2.9,-0.4
31.43,-3.3,0
31.44,-3.8,0.2
31.45,-4,0.4
31.46,-4,0.4
31.47,-3.6,0.3
31.48,-2.8,0
31.49,-1.8,-0.4
31.5,-0.5,-0.6
31.51,0.7,-0.9
31.52,1.8,-0.8
31.53,2.4,-0.8
31.54,2.7,-0.4
31.55,2.5,0
31.56,2.3,0.4
31.57,1.7,0.7
31.58,1.4,1.1
31.59,1,1.3
31.6,0.8,1.4
31.61,0.7,1.5
31.62,0.7,1.5
31.63,0.6,1.7
31.64,0.5,1.8
31.65,0.6,1.9
31.66,0.6,2.2
31.67,0.7,2.2
31.68,0.9,2.3
31.69,1.1,2.2
31.7,1.4,2.1
31.71,1.7,2
31.72,1.7,1.8
31.73,1.9,1.6
31.74,1.8,1.4
31.75,1.7,1.2
31.76,1.6,0.9
31.77,1.5,0.8
31.78,1.5,0.5
31.79,1.4,0.4
31.8,1.5,0.4
31.81,1.4,0.2
31.82,1.2,0.1
31.83,1.1,0
31.84,0.8,-0.1
31.85,0.7,-0.1
31.86,0.4,-0.1
31.87,0.3,0
31.88,0.3,0.1
31.89,0.3,0.2
31.9,0.4,0.1
31.91,0.5,0.2
31.92,0.6,-0.1
31.93,0.7,-0.2
31.94,0.7,-0.5
31.95,0.6,-0.7
31.96,0.5,-0.7
31.97,0.4,-0.7
31.98,0.2,-0.6
31.99,0,-0.3
32,-0.1,-0.3
32.01,-0.3,-0.1
32.02,-0.3,0
32.03,-0.3,-0.2
32.04,-0.3,-0.3
32.05,-0.3,-0.5
32.06,-0.2,-0.7
32.07,-0.2,-0.9
32.08,-0.1,-0.9
32.09,-0.3,-1
32.1,-0.3,-0.8
32.11,-0.6,-0.7
32.12,-0.7,-0.5
32.13,-0.9,-0.5
32.14,-0.9,-0.4
32.15,-1,-0.4
32.16,-0.8,-0.5
32.17,-0.8,-0.6
32.18,-0.7,-0.8
32.19,-0.5,-0.9
32.2,-0.4,-0.9
32.21,-0.3,-1
32.22,-0.4,-0.9
32.23,-0.4,-0.9
32.24,-0.4,-0.8
32.25,-0.5,-0.8
32.26,-0.6,-0.7
32.27,-0.6,-0.5
32.28,-0.6,-0.5
32.29,-0.5,-0.2
32.3,-0.4,-0.1
32.31,-0.1,0.1
32.32,-0.1,0.1
32.33,0,0.1
32.34,0.1,0
32.35,-0.1,0
32.36,-0.2,-0.2
32.37,-0.3,-0.2
32.38,-0.4,-0.4
32.39,-0.5,-0.6
32.4,-0.6,-0.6
32.41,-0.6,-0.7
32.42,-0.6,-0.7
32.43,-0.5,-0.7
32.44,-0.6,-0.7
32.45,-0.5,-0.6
32.46,-0.5,-0.6
32.47,-0.5,-0.4
32.48,-0.5,-0.3
32.49,-0.5,-0.2
32.5,-0.3,-0.1
32.51,-0.3,0
32.52,-0.1,0.1
32.53,0.2,0.1
32.54,0.3,0.3
32.55,0.7,0.3
32.56,0.7,0.4
32.57,0.9,0.4
32.58,0.8,0.4
32.59,0.9,0.2
32.6,0.9,0.1
32.61,0.9,-0.1
32.62,1.1,-0.3
32.63,1.2,-0.5
32.64,1.4,-0.5
32.65,1.4,-0.5
32.66,1.3,-0.5
32.67,1.3,-0.3
32.68,1,-0.1
32.69,0.9,0
32.7,0.6,0.1
32.71,0.6,0
32.72,0.7,0
32.73,0.7,-0.2
32.74,0.9,-0.3
32.75,1.1,-0.3
32.76,1.3,-0.4
32.77,1.4,-0.4
32.78,1.5,-0.3
32.79,1.4,-0.3
32.8,1.4,-0.2
32.81,1.3,-0.1
32.82,1.3,-0.1
32.83,1.1,0
32.84,1,0
32.85,1,0.2
32.86,0.9,0.3
32.87,0.9,0.3
32.88,0.9,0.4
32.89,0.8,0.3
32.9,0.9,0.3
32.91,1,0
32.92,1.2,-0.1
32.93,1.3,-0.4
32.94,1.6,-0.5
32.95,1.9,-0.6
32.96,2.1,-0.7
32.97,2.1,-0.6
32.98,2.1,-0.5
32.99,1.9,-0.6
33,1.7,-0.5
33.01,1.2,-0.6
33.02,1,-0.5
33.03,0.6,-0.4
33.04,0.5,-0.4
33.05,0.3,-0.2
33.06,0.3,-0.2
33.07,0.3,-0.1
33.08,0.5,-0.1
33.09,0.4,-0.2
33.1,0.6,-0.4
33.11,0.6,-0.4
33.12,0.7,-0.5
33.13,0.7,-0.5
33.14,0.6,-0.4
33.15,0.7,-0.4
33.16,0.7,-0.3
33.17,0.8,-0.3
33.18,0.9,-0.4
33.19,1.1,-0.4
33.2,1.1,-0.5
33.21,1.3,-0.5
33.22,1.2,-0.6
33.23,1.2,-0.5
33.24,1.1,-0.6
33.25,1,-0.4
33.26,0.8,-0.4
33.27,0.8,-0.3
33.28,0.7,-0.2
33.29,0.7,-0.1
33.3,0.8,-0.1
33.31,0.8,0
33.32,1,-0.1
33.33,1.2,0
33.34,1.3,-0.2
33.35,1.5,-0.2
33.36,1.5,-0.2
33.37,1.4,-0.2
33.38,1.3,-0.1
33.39,1,0.1
33.4,0.8,0.2
33.41,0.5,0.4
33.42,0.3,0.5
33.43,0.3,0.5
33.44,0.3,0.6
33.45,0.4,0.5
33.46,0.4,0.5
33.47,0.4,0.4
33.48,0.4,0.3
33.49,0.3,0.2
33.5,0.3,0.1
33.51,0.4,-0.1
33.52,0.3,-0.1
33.53,0.4,-0.2
33.54,0.5,-0.1
33.55,0.5,-0.2
33.56,0.5,0
33.57,0.5,0.1
33.58,0.4,0
33.59,0.3,0.1
33.6,0.1,0.1
33.61,0.1,0
33.62,-0.1,0.1
33.63,-0.2,0.3
33.64,-0.2,0.3
33.65,-0.1,0.6
33.66,0.1,0.6
33.67,0.4,0.6
33.68,0.6,0.5
33.69,0.9,0.3
33.7,0.9,0.2
33.71,1,0.1
33.72,0.8,0.2
33.73,0.6,0.3
33.74,0.3,0.6
33.75,-0.1,0.8
33.76,-0.3,1
33.77,-0.5,0.9
33.78,-0.6,0.9
33.79,-0.6,0.6
33.8,-0.5,0.6
33.81,-0.4,0.4
33.82,-0.3,0.5
33.83,-0.1,0.6
33.84,0,0.7
33.85,0.1,0.9
33.86,0.2,0.9
33.87,0.2,0.8
33.88,0.1,0.7
33.89,0.2,0.5
33.9,0.1,0.3
33.91,0.2,0.1
33.92,0.2,0
33.93,0.3,-0.2
33.94,0.5,-0.4
33.95,0.5,-0.4
33.96,0.6,-0.6
33.97,0.7,-0.7
33.98,0.6,-0.6
33.99,0.6,-0.4
34,0.4,-0.3
34.01,0.2,-0.1
34.02,0.1,0
34.03,0,0
34.04,0.1,-0.1
34.05,0.1,-0.3
34.06,0.4,-0.5
34.07,0.6,-0.8
34.08,0.8,-0.8
34.09,1,-0.8
34.1,1,-0.7
34.11,1.1,-0.5
34.12,1,-0.3
34.13,0.8,-0.2
34.14,0.6,0
34.15,0.5,-0.1
34.16,0.4,-0.2
34.17,0.4,-0.3
34.18,0.4,-0.5
34.19,0.7,-0.6
34.2,0.8,-0.6
34.21,1.1,-0.6
34.22,1.2,-0.4
34.23,1.2,-0.3
34.24,1.2,-0.1
34.25,1.1,0.1
34.26,0.8,0.2
34.27,0.7,0.4
34.28,0.4,0.5
34.29,0.3,0.6
34.3,0.2,0.6
34.31,0.2,0.6
34.32,0.3,0.6
34.33,0.4,0.4
34.34,0.5,0.4
34.35,0.6,0.2
34.36,0.6,0.1
34.37,0.5,-0.1
34.38,0.3,-0.1
34.39,0.1,-0.2
34.4,-0.2,-0.2
34.41,-0.5,-0.1
34.42,-0.6,0.1
34.43,-0.7,0.2
34.44,-0.6,0.3
34.45,-0.5,0.3
34.46,-0.4,0.3
34.47,-0.3,0.2
34.48,-0.3,0.3
34.49,-0.4,0.2
34.5,-0.5,0.1
34.51,-0.8,0.1
34.52,-1.1,0
34.53,-1.4,0
34.54,-1.7,-0.1
34.55,-2,-0.1
34.56,-2.1,0
34.57,-2.3,0
34.58,-2.3,0
34.59,-2.3,0.1
34.6,-2.3,0.2
34.61,-2.3,0.3
34.62,-2.2,0.4
34.63,-2.3,0.4
34.64,-2.2,0.4
34.65,-2.4,0.4
34.66,-2.2,0.3
34.67,-2.1,0.1
34.68,-1.8,0.1
34.69,-1.4,0
34.7,-1,-0.1
34.71,-0.7,-0.1
34.72,-0.5,0
34.73,-0.4,0
34.74,-0.4,0.1
34.75,-0.5,0.1
34.76,-0.7,0
34.77,-0.7,-0.1
34.78,-0.6,-0.1
34.79,-0.7,-0.2
34.8,-0.5,-0.3
34.81,-0.3,-0.2
34.82,-0.3,-0.1
34.83,-0.3,-0.1
34.84,-0.2,0
34.85,-0.2,0
34.86,-0.2,0.1
34.87,-0.2,0.1
34.88,-0.2,0
34.89,-0.2,-0.1
34.9,-0.2,-0.1
34.91,-0.2,-0.2
34.92,-0.2,-0.3
34.93,-0.4,-0.4
34.94,-0.4,-0.4
34.95,-0.4,-0.5
34.96,-0.4,-0.3
34.97,-0.4,-0.3
34.98,-0.4,-0.1
34.99,-0.4,-0.1
35,-0.4,0.2
35.01,-0.3,0.2
35.02,-0.3,0.2
35.03,-0.3,0.2
35.04,-0.2,0
35.05,-0.1,-0.1
35.06,0,-0.3
35.07,0.2,-0.4
35.08,0.3,-0.6
35.09,0.4,-0.7
35.1,0.6,-0.7
35.11,0.7,-0.7
35.12,0.7,-0.5
35.13,0.7,-0.4
35.14,0.7,-0.3
35.15,0.7,-0.2
35.16,0.6,-0.1
35.17,0.6,-0.1
35.18,0.6,0
35.19,0.5,0.1
35.2,0.5,0.2
35.21,0.4,0.3
35.22,0.4,0.3
35.23,0.4,0.4
35.24,0.4,0.3
35.25,0.4,0.4
35.26,0.6,0.3
35.27,0.6,0.2
35.28,0.7,0.2
35.29,0.7,0.1
35.3,0.7,0.1
35.31,0.6,0
35.32,0.5,-0.1
35.33,0.4,-0.1
35.34,0.3,-0.2
35.35,0.2,-0.3
35.36,0,-0.3
35.37,-0.1,-0.2
35.38,-0.2,-0.1
35.39,-0.1,0.1
35.4,-0.2,0.2
35.41,-0.1,0.2
35.42,-0.1,0.4
35.43,0,0.3
35.44,0.1,0.3
35.45,0.2,0.3
35.46,0.3,0.2
35.47,0.3,0.3
35.48,0.3,0.3
35.49,0.3,0.4
35.5,0.3,0.4
35.51,0,0.5
35.52,0,0.5
35.53,-0.1,0.6
35.54,-0.2,0.4
35.55,-0.2,0.3
35.56,-0.2,0.1
35.57,0,-0.1
35.58,0,-0.2
35.59,0.1,-0.2
35.6,0.1,-0.2
35.61,0.1,-0.1
35.62,0,0
35.63,0,0
35.64,0,0.1
35.65,0,0.1
35.66,0.2,0
35.67,0.2,0.1
35.68,0.3,0
35.69,0.3,0
35.7,0.3,0
35.71,0.2,0
35.72,0.2,0
35.73,0,0
35.74,-0.2,0.1
35.75,-0.3,0.1
35.76,-0.4,0.3
35.77,-0.5,0.4
35.78,-0.7,0.6
35.79,-0.7,0.6
35.8,-0.6,0.6
35.81,-0.6,0.5
35.82,-0.4,0.4
35.83,-0.2,0.1
35.84,0,0.1
35.85,0.2,-0.1
35.86,0.2,0
35.87,0.3,-0.1
35.88,0.3,0
35.89,0.1,0.1
35.9,0.1,0.1
35.91,0,0.2
35.92,-0.2,0.2
35.93,-0.2,0.1
35.94,-0.2,0.1
35.95,-0.4,0.1
35.96,-0.3,0
35.97,-0.4,0
35.98,-0.3,-0.1
35.99,-0.3,-0.1
36,-0.2,-0.1
36.01,0,-0.1
36.02,0.1,-0.1
36.03,0.4,0.1
36.04,0.4,0.1
36.05,0.5,0.1
36.06,0.5,0.1
36.07,0.4,0.1
36.08,0.2,0.1
36.09,0.2,0
36.1,0,0
36.11,0,-0.1
36.12,0,-0.1
36.13,0.1,-0.1
36.14,0.3,0
36.15,0.2,0
36.16,0.4,0.1
36.17,0.3,0.1
36.18,0.2,0.3
36.19,0.1,0.3
36.2,0,0.4
36.21,-0.1,0.4
36.22,0,0.4
36.23,0,0.4
36.24,0.1,0.4
36.25,0.3,0.5
36.26,0.4,0.5
36.27,0.5,0.5
36.28,0.5,0.5
36.29,0.4,0.6
36.3,0.4,0.5
36.31,0.3,0.5
36.32,0.4,0.6
36.33,0.4,0.5
36.34,0.4,0.6
36.35,0.5,0.6
36.36,0.5,0.7
36.37,0.4,0.7
36.38,0.3,0.9
36.39,0.3,0.8
36.4,0.3,0.9
36.41,0.2,0.9
36.42,0.3,0.9
36.43,0.3,0.9
36.44,0.5,0.8
36.45,0.6,0.9
36.46,0.8,0.9
36.47,0.9,0.7
36.48,1.1,0.6
36.49,1.3,0.5
36.5,1.3,0.3
36.51,1.4,0.2
36.52,1.5,0.2
36.53,1.4,0
36.54,1.5,0
36.55,1.3,0
36.56,1.2,0.1
36.57,1.1,0.1
36.58,0.7,0.3
36.59,0.4,0.5
36.6,0.1,0.6
36.61,-0.2,0.7
36.62,-0.3,0.6
36.63,-0.4,0.5
36.64,-0.3,0.3
36.65,-0.2,0.1
36.66,-0.3,-0.2
36.67,-0.3,-0.1
36.68,-0.6,-0.1
36.69,-0.8,0
36.7,-1,0.1
36.71,-1.3,0.2
36.72,-1.4,0.2
36.73,-1.5,0
36.74,-1.4,0
36.75,-1.4,-0.3
36.76,-1.3,-0.4
36.77,-1.2,-0.5
36.78,-1.1,-0.4
36.79,-1,-0.5
36.8,-0.9,-0.3
36.81,-0.8,-0.3
36.82,-0.7,-0.3
36.83,-0.6,-0.3
36.84,-0.6,-0.3
36.85,-0.5,-0.5
36.86,-0.7,-0.6
36.87,-0.7,-0.6
36.88,-0.7,-0.7
36.89,-0.8,-0.7
36.9,-0.8,-0.8
36.91,-0.9,-0.7
36.92,-1,-0.7
36.93,-1.2,-0.7
36.94,-1.4,-0.6
36.95,-1.8,-0.6
36.96,-2,-0.5
36.97,-2.3,-0.5
36.98,-2.5,-0.6
36.99,-2.5,-0.7
37,-2.4,-0.9
37.01,-2.3,-1.1
37.02,-2.1,-1.2
37.03,-1.9,-1.2
37.04,-1.8,-1.1
37.05,-1.9,-1.1
37.06,-1.9,-0.8
37.07,-2,-0.6
37.08,-2.1,-0.4
37.09,-2.2,-0.3
37.1,-2,-0.2
37.11,-1.9,0
37.12,-1.6,0
37.13,-1.5,0
37.14,-1.4,-0.1
37.15,-1.3,-0.1
37.16,-1.5,-0.2
37.17,-1.5,-0.3
37.18,-1.7,-0.4
37.19,-1.8,-0.5
37.2,-1.7,-0.6
37.21,-1.7,-0.7
37.22,-1.3,-0.7
37.23,-1.1,-0.7
37.24,-0.9,-0.4
37.25,-0.8,-0.1
37.26,-0.8,0.3
37.27,-0.7,0.5
37.28,-0.8,0.9
37.29,-0.8,0.9
37.3,-0.7,1
37.31,-0.5,0.8
37.32,-0.4,0.7
37.33,-0.3,0.5
37.34,-0.1,0.4
37.35,-0.1,0.5
37.36,0,0.5
37.37,0.2,0.6
37.38,0.3,0.8
37.39,0.7,1
37.4,1.1,1.1
37.41,1.5,1.1
37.42,1.9,1.1
37.43,2.3,1.1
37.44,2.6,0.9
37.45,2.8,0.9
37.46,2.9,0.8
37.47,2.8,0.8
37.48,2.6,0.8
37.49,2.3,0.8
37.5,2.1,0.8
37.51,1.9,0.9
37.52,1.7,0.9
37.53,1.7,1
37.54,1.7,1
37.55,1.8,1.1
37.56,1.9,1.1
37.57,1.9,1.1
37.58,1.8,1.1
37.59,1.7,1
37.6,1.3,1
37.61,1.2,1.1
37.62,0.8,1.1
37.63,0.7,1.1
37.64,0.7,1.1
37.65,0.9,1.1
37.66,0.9,0.9
37.67,1.2,0.7
37.68,1.4,0.6
37.69,1.4,0.5
37.7,1.4,0.3
37.71,1.3,0.3
37.72,1,0.3
37.73,0.8,0.4
37.74,0.8,0.3
37.75,0.7,0.3
37.76,0.9,0.3
37.77,1.2,0.3
37.78,1.5,0.3
37.79,1.8,0.2
37.8,1.9,0.3
37.81,1.8,0.2
37.82,1.7,0.2
37.83,1.5,0.1
37.84,1.1,0
37.85,0.8,-0.2
37.86,0.5,-0.2
37.87,0.3,-0.3
37.88,0.1,-0.3
37.89,-0.1,-0.2
37.9,-0.3,-0.2
37.91,-0.4,-0.1
37.92,-0.4,-0.2
37.93,-0.4,-0.2
37.94,-0.2,-0.1
37.95,-0.1,-0.2
37.96,0,-0.1
37.97,0.2,-0.1
37.98,0.3,-0.2
37.99,0.2,-0.2
38,0.1,-0.3
38.01,-0.2,-0.2
38.02,-0.4,-0.3
38.03,-0.8,-0.2
38.04,-1.1,-0.2
38.05,-1.4,-0.1
38.06,-1.6,0.1
38.07,-1.9,0.2
38.08,-1.9,0.2
38.09,-2,0.2
38.1,-1.8,0.2
38.11,-1.5,0
38.12,-1.3,0
38.13,-0.9,-0.2
38.14,-0.8,-0.1
38.15,-0.7,0
38.16,-0.7,0.1
38.17,-1,0.2
38.18,-1.2,0.4
38.19,-1.5,0.4
38.2,-1.6,0.4
38.21,-1.7,0.2
38.22,-1.6,0.1
38.23,-1.5,-0.1
38.24,-1.4,-0.1
38.25,-1.3,-0.1
38.26,-1.3,0.1
38.27,-1.5,0.2
38.28,-1.7,0.4
38.29,-1.8,0.6
38.3,-1.8,0.6
38.31,-1.9,0.4
38.32,-1.6,0.3
38.33,-1.3,0.1
38.34,-1.1,-0.1
38.35,-0.8,-0.1
38.36,-0.8,-0.2
38.37,-0.8,-0.2
38.38,-0.9,-0.1
38.39,-1.2,-0.1
38.4,-1.4,-0.2
38.41,-1.5,-0.4
38.42,-1.6,-0.4
38.43,-1.4,-0.5
38.44,-1.2,-0.6
38.45,-1,-0.7
38.46,-0.5,-0.8
38.47,-0.3,-0.8
38.48,-0.2,-1.1
38.49,-0.1,-1.2
38.5,-0.1,-1.3
38.51,-0.3,-1.4
38.52,-0.5,-1.5
38.53,-0.6,-1.5
38.54,-0.6,-1.4
38.55,-0.5,-1.4
38.56,-0.4,-1.5
38.57,-0.3,-1.6
38.58,-0.1,-1.6
38.59,-0.1,-1.7
38.6,-0.1,-1.7
38.61,-0.2,-1.7
38.62,-0.3,-1.7
38.63,-0.4,-1.5
38.64,-0.6,-1.4
38.65,-0.6,-1.2
38.66,-0.5,-0.8
38.67,-0.2,-0.5
38.68,0.2,-0.3
38.69,0.8,-0.1
38.7,1.3,0.1
38.71,1.8,0.2
38.72,2,0.4
38.73,2.2,0.5
38.74,2.1,0.7
38.75,2,0.9
38.76,1.7,1.2
38.77,1.7,1.3
38.78,1.6,1.5
38.79,1.8,1.6
38.8,1.9,1.6
38.81,2.2,1.6
38.82,2.5,1.7
38.83,2.8,1.8
38.84,3,1.9
38.85,3.1,2
38.86,3.2,2.1
38.87,3.3,2.2
38.88,3.1,2.2
38.89,3,2.2
38.9,2.9,2.2
38.91,2.6,1.9
38.92,2.5,1.8
38.93,2.4,1.5
38.94,2.1,1.4
38.95,2,1.3
38.96,1.8,1.3
38.97,1.6,1.2
38.98,1.5,1.3
38.99,1.4,1.3
39,1.4,1.4
39.01,1.2,1.4
39.02,1.2,1.3
39.03,1.1,1.2
39.04,0.9,1
39.05,0.8,0.8
39.06,0.7,0.7
39.07,0.7,0.6
39.08,0.7,0.5
39.09,0.9,0.6
39.1,0.9,0.6
39.11,1,0.7
39.12,1,0.7
39.13,1,0.8
39.14,0.8,0.8
39.15,0.7,0.9
39.16,0.5,1
39.17,0.3,1
39.18,0.2,0.9
39.19,0.1,0.8
39.2,0.1,0.5
39.21,0.3,0.1
39.22,0.3,-0.2
39.23,0.4,-0.6
39.24,0.5,-0.9
39.25,0.4,-1.1
39.26,0.3,-1.4
39.27,0.1,-1.4
39.28,0,-1.3
39.29,-0.3,-1.4
39.3,-0.5,-1.3
39.31,-0.6,-1.2
39.32,-0.6,-1.2
39.33,-0.8,-1.1
39.34,-0.7,-1.2
39.35,-0.8,-1.2
39.36,-0.7,-1.3
39.37,-0.7,-1.3
39.38,-0.6,-1.4
39.39,-0.4,-1.4
39.4,-0.3,-1.6
39.41,-0.1,-1.6
39.42,0.1,-1.6
39.43,0.3,-1.5
39.44,0.4,-1.4
39.45,0.4,-1.2
39.46,0.5,-1
39.47,0.4,-0.8
39.48,0.4,-0.7
39.49,0.2,-0.6
39.5,0.1,-0.6
39.51,0.1,-0.5
39.52,0.1,-0.6
39.53,0,-0.5
39.54,0.1,-0.4
39.55,0,-0.4
39.56,-0.1,-0.3
39.57,-0.2,-0.3
39.58,-0.4,-0.3
39.59,-0.4,-0.2
39.6,-0.5,-0.2
39.61,-0.5,-0.2
39.62,-0.2,-0.2
39.63,0,-0.2
39.64,0.3,-0.2
39.65,0.6,-0.1
39.66,0.8,0
39.67,0.7,0.1
39.68,0.5,0.2
39.69,0.4,0.3
39.7,0,0.3
39.71,-0.2,0.4
39.72,-0.4,0.3
39.73,-0.5,0.3
39.74,-0.4,0.2
39.75,-0.1,0.3
39.76,0,0.3
39.77,0.4,0.4
39.78,0.7,0.5
39.79,0.8,0.4
39.8,1,0.5
39.81,1,0.4
39.82,1,0.3
39.83,0.9,0.3
39.84,1,0.3
39.85,1,0.4
39.86,1,0.5
39.87,1.3,0.7
39.88,1.6,0.9
39.89,1.8,1.1
39.9,2.1,1.2
39.91,2.2,1.3
39.92,2.3,1.3
39.93,2.2,1.1
39.94,2.1,1.1
39.95,1.7,0.9
39.96,1.3,0.8
39.97,1,0.8
39.98,0.7,0.7
39.99,0.5,0.6
40,0.4,0.6
40.01,0.4,0.5
40.02,0.3,0.5
40.03,0.3,0.4
40.04,0.3,0.4
40.05,0.2,0.3
40.06,0,0.4
40.07,-0.1,0.2
40.08,-0.4,0.2
40.09,-0.6,0.1
40.1,-0.8,-0.1
40.11,-0.8,-0.1
40.12,-0.9,-0.3
40.13,-0.8,-0.3
40.14,-0.9,-0.3
40.15,-0.8,-0.3
40.16,-1,-0.3
40.17,-1,-0.3
40.18,-1.1,-0.4
40.19,-1.3,-0.3
40.2,-1.2,-0.4
40.21,-1.4,-0.3
40.22,-1.4,-0.3
40.23,-1.5,-0.2
40.24,-1.6,-0.3
40.25,-1.8,-0.3
40.26,-2,-0.4
40.27,-2.1,-0.5
40.28,-2.2,-0.6
40.29,-2.2,-0.7
40.3,-2.2,-0.8
40.31,-2,-0.9
40.32,-1.8,-1.1
40.33,-1.6,-1.1
40.34,-1.4,-1.2
40.35,-1.4,-1.2
40.36,-1.3,-1.1
40.37,-1.2,-1.1
40.38,-1.3,-1.1
40.39,-1.3,-1
40.4,-1.3,-1.1
40.41,-1.1,-1
40.42,-1.1,-0.9
40.43,-0.9,-0.8
40.44,-0.8,-0.7
40.45,-0.8,-0.7
40.46,-0.8,-0.6
40.47,-0.8,-0.6
40.48,-0.8,-0.6
40.49,-0.8,-0.6
40.5,-0.6,-0.6
40.51,-0.4,-0.4
40.52,0,-0.4
40.53,0.4,-0.3
40.54,0.7,-0.1
40.55,0.9,-0.1
40.56,1.1,0
40.57,1,0
40.58,1,0.3
40.59,0.9,0.3
40.6,0.9,0.4
40.61,0.7,0.5
40.62,0.8,0.4
40.63,0.8,0.3
40.64,0.7,0.2
40.65,0.7,-0.1
40.66,0.6,-0.1
40.67,0.3,-0.1
40.68,0.1,0
40.69,-0.1,0.1
40.7,-0.4,0.3
40.71,-0.4,0.4
40.72,-0.3,0.4
40.73,-0.2,0.4
40.74,0.1,0.2
40.75,0.3,0.2
40.76,0.5,0.2
40.77,0.5,0.2
40.78,0.5,0.4
40.79,0.5,0.5
40.8,0.2,0.6
40.81,0.2,0.6
40.82,0.1,0.5
40.83,0.1,0.5
40.84,0.2,0.3
40.85,0.4,0.2
40.86,0.6,0.1
40.87,0.8,0
40.88,1.1,-0.1
40.89,1.2,0
40.9,1.3,-0.1
40.91,1.2,-0.2
40.92,0.9,-0.2
40.93,0.7,-0.4
40.94,0.3,-0.4
40.95,0,-0.4
40.96,-0.2,-0.4
40.97,-0.3,-0.3
40.98,-0.2,-0.3
40.99,-0.1,-0.2
41,0.2,-0.1
41.01,0.4,0
41.02,0.7,-0.1
41.03,0.9,0
41.04,1,-0.1
41.05,1,0
41.06,0.9,-0.1
41.07,0.7,-0.1
41.08,0.7,-0.1
41.09,0.5,0
41.1,0.5,0
41.11,0.4,0.2
41.12,0.4,0.2
41.13,0.4,0.4
41.14,0.2,0.3
41.15,0,0.2
41.16,-0.1,0.2
41.17,-0.4,0.1
41.18,-0.6,-0.1
41.19,-0.6,-0.2
41.2,-0.7,-0.1
41.21,-0.6,-0.1
41.22,-0.4,-0.1
41.23,-0.1,0.2
41.24,0.1,0.3
41.25,0.4,0.4
41.26,0.5,0.5
41.27,0.6,0.6
41.28,0.6,0.5
41.29,0.4,0.6
41.3,0.4,0.5
41.31,0.2,0.7
41.32,0,0.9
41.33,-0.2,1
41.34,-0.2,1.1
41.35,-0.3,1.1
41.36,-0.1,1
41.37,-0.1,0.9
41.38,0,0.7
41.39,0.2,0.6
41.4,0.3,0.5
41.41,0.4,0.4
41.42,0.5,0.4
41.43,0.3,0.4
41.44,0.3,0.3
41.45,0.2,0.2
41.46,0.1,0.2
41.47,0.1,0.1
41.48,0,0
41.49,0,0.1
41.5,0.1,0.1
41.51,0,0.2
41.52,0.1,0.3
41.53,0,0.3
41.54,0,0.3
41.55,0.1,0.4
41.56,0.2,0.4
41.57,0.4,0.4
41.58,0.8,0.5
41.59,1,0.5
41.6,1.3,0.4
41.61,1.3,0.4
41.62,1.2,0.4
41.63,1,0.2
41.64,0.6,0.1
41.65,0.3,0
41.66,-0.1,-0.1
41.67,-0.3,-0.2
41.68,-0.4,-0.2
41.69,-0.4,-0.2
41.7,-0.2,-0.3
41.71,-0.1,-0.4
41.72,0.1,-0.4
41.73,0.2,-0.4
41.74,0.3,-0.4
41.75,0.1,-0.4
41.76,-0.1,-0.5
41.77,-0.2,-0.5
41.78,-0.3,-0.5
41.79,-0.4,-0.7
41.8,-0.4,-0.7
41.81,-0.3,-0.8
41.82,-0.3,-0.9
41.83,-0.3,-0.8
41.84,-0.2,-0.8
41.85,-0.3,-0.7
41.86,-0.4,-0.5
41.87,-0.5,-0.4
41.88,-0.6,-0.1
41.89,-0.9,0
41.9,-0.9,0.1
41.91,-1,0.2
41.92,-0.9,0.1
41.93,-0.8,0
41.94,-0.7,-0.2
41.95,-0.6,-0.2
41.96,-0.4,-0.2
41.97,-0.4,-0.2
41.98,-0.2,-0.1
41.99,-0.3,-0.2
42,-0.2,-0.1
42.01,-0.4,-0.1
42.02,-0.5,-0.1
42.03,-0.6,0
42.04,-0.9,-0.1
42.05,-0.9,0
42.06,-1.1,0.1
42.07,-1,0.2
42.08,-0.9,0.1
42.09,-0.8,0.1
42.1,-0.6,-0.1
42.11,-0.6,-0.1
42.12,-0.6,-0.3
42.13,-0.6,-0.1
42.14,-0.6,-0.1
42.15,-0.6,0.1
42.16,-0.7,0.3
42.17,-0.6,0.4
42.18,-0.5,0.5
42.19,-0.5,0.4
42.2,-0.4,0.2
42.21,-0.4,0.1
42.22,-0.4,-0.1
42.23,-0.5,-0.3
42.24,-0.7,-0.5
42.25,-0.9,-0.5
42.26,-1.1,-0.5
42.27,-1.2,-0.5
42.28,-1.4,-0.4
42.29,-1.4,-0.4
42.3,-1.5,-0.3
42.31,-1.4,-0.3
42.32,-1.5,-0.2
42.33,-1.4,-0.3
42.34,-1.3,-0.2
42.35,-1.3,-0.1
42.36,-1.1,-0.2
42.37,-1,-0.1
42.38,-0.8,0
42.39,-0.7,-0.1
42.4,-0.6,0
42.41,-0.6,0.1
42.42,-0.7,0.1
42.43,-0.8,0.1
42.44,-0.9,0.2
42.45,-0.9,0.1
42.46,-0.8,0
42.47,-0.8,0
42.48,-0.6,-0.1
42.49,-0.5,-0.2
42.5,-0.2,-0.3
42.51,-0.1,-0.3
42.52,0.1,-0.3
42.53,0.1,-0.4
42.54,0.3,-0.3
42.55,0.3,-0.3
42.56,0.4,-0.2
42.57,0.3,-0.2
42.58,0.4,-0.1
42.59,0.4,-0.1
42.6,0.3,-0.1
42.61,0.1,-0.1
42.62,0.1,0
42.63,-0.1,0
42.64,-0.1,0
42.65,-0.2,0.2
42.66,0,0.2
42.67,0,0.4
42.68,0.3,0.5
42.69,0.5,0.5
42.7,0.7,0.7
42.71,0.9,0.6
42.72,1.1,0.5
42.73,1.2,0.5
42.74,1.2,0.3
42.75,1,0.2
42.76,1,0.1
42.77,0.7,0
42.78,0.6,-0.1
42.79,0.4,0.1
42.8,0.2,0.2
42.81,0,0.3
42.82,-0.2,0.3
42.83,-0.3,0.3
42.84,-0.6,0.4
42.85,-0.7,0.2
42.86,-0.8,0.2
42.87,-0.8,0.1
42.88,-0.9,0.1
42.89,-0.9,0
42.9,-1,0.1
42.91,-1,0
42.92,-1.1,0
42.93,-1.3,-0.1
42.94,-1.3,-0.1
42.95,-1.4,-0.1
42.96,-1.4,-0.1
42.97,-1.4,-0.1
42.98,-1.5,-0.1
42.99,-1.3,0.1
43,-1.4,0.1
43.01,-1.3,0.3
43.02,-1.1,0.2
43.03,-1.1,0.3
43.04,-1,0.2
43.05,-0.8,0.2
43.06,-0.8,0
43.07,-0.9,0
43.08,-0.8,-0.1
43.09,-0.9,-0.1
43.1,-1,-0.2
43.11,-0.9,-0.3
43.12,-0.8,-0.3
43.13,-0.8,-0.4
43.14,-0.6,-0.3
43.15,-0.5,-0.2
43.16,-0.6,0
43.17,-0.5,0
43.18,-0.5,0.2
43.19,-0.6,0.3
43.2,-0.7,0.2
43.21,-0.8,0.3
43.22,-0.7,0.2
43.23,-0.7,0.2
43.24,-0.5,0.1
43.25,-0.4,0.1
43.26,-0.2,0.1
43.27,-0.1,0.2
43.28,0,0.2
43.29,0,0.3
43.3,0,0.3
43.31,-0.1,0.4
43.32,-0.1,0.4
43.33,-0.3,0.3
43.34,-0.3,0.2
43.35,-0.4,0.2
43.36,-0.3,0.2
43.37,-0.2,0.2
43.38,-0.2,0.3
43.39,0,0.4
43.4,0,0.5
43.41,0.1,0.5
43.42,0.1,0.5
43.43,0.1,0.4
43.44,0,0.2
43.45,-0.1,0.2
43.46,-0.1,0.2
43.47,-0.1,0.2
43.48,0.1,0.3
43.49,0.2,0.4
43.5,0.3,0.4
43.51,0.6,0.5
43.52,0.6,0.4
43.53,0.6,0.3
43.54,0.5,0.2
43.55,0.4,0.3
43.56,0.1,0.2
43.57,-0.1,0.4
43.58,-0.1,0.5
43.59,0,0.5
43.6,0.2,0.5
43.61,0.6,0.5
43.62,0.9,0.3
43.63,1.1,0.2
43.64,1.3,0
43.65,1.3,-0.2
43.66,1.1,-0.2
43.67,0.7,-0.3
43.68,0.4,-0.2
43.69,0.2,-0.3
43.7,-0.1,-0.3
43.71,-0.3,-0.4
43.72,-0.3,-0.4
43.73,-0.3,-0.5
43.74,-0.3,-0.4
43.75,-0.4,-0.4
43.76,-0.3,-0.3
43.77,-0.3,-0.2
43.78,-0.2,-0.2
43.79,-0.2,-0.2
43.8,-0.1,-0.2
43.81,-0.1,-0.4
43.82,0,-0.6
43.83,-0.1,-0.6
43.84,0,-0.8
43.85,-0.2,-0.7
43.86,-0.2,-0.6
43.87,-0.3,-0.6
43.88,-0.3,-0.3
43.89,-0.4,-0.3
43.9,-0.3,-0.1
43.91,-0.2,-0.2
43.92,-0.1,-0.2
43.93,0.1,-0.3
43.94,0.3,-0.4
43.95,0.3,-0.4
43.96,0.3,-0.2
43.97,0.1,-0.1
43.98,-0.1,0.1
43.99,-0.3,0.3
44,-0.7,0.4
44.01,-0.9,0.5
44.02,-1,0.5
44.03,-1,0.4
44.04,-0.9,0.3
44.05,-0.6,0.1
44.06,-0.4,-0.1
44.07,-0.2,-0.1
44.08,0,-0.2
44.09,0.1,-0.1
44.1,0,-0.1
44.11,-0.1,0.1
44.12,-0.2,0.2
44.13,-0.2,0.4
44.14,-0.3,0.3
44.15,-0.2,0.4
44.16,0,0.4
44.17,0.2,0.3
44.18,0.5,0.3
44.19,0.7,0.3
44.2,0.9,0.3
44.21,1.1,0.3
44.22,1.1,0.3
44.23,1.1,0.2
44.24,1.1,0.1
44.25,0.9,-0.1
44.26,0.9,-0.3
44.27,0.7,-0.4
44.28,0.5,-0.5
44.29,0.5,-0.6
44.3,0.3,-0.6
44.31,0.2,-0.6
44.32,0.2,-0.5
44.33,0,-0.3
44.34,0,-0.2
44.35,-0.2,-0.1
44.36,-0.4,0.1
44.37,-0.7,0.1
44.38,-1,0.2
44.39,-1.2,0.2
44.4,-1.4,0.1
44.41,-1.4,-0.1
44.42,-1.5,-0.1
44.43,-1.2,-0.1
44.44,-1.1,-0.2
44.45,-0.9,-0.1
44.46,-0.6,-0.1
44.47,-0.5,0
44.48,-0.4,0.1
44.49,-0.4,0.2
44.5,-0.4,0.1
44.51,-0.4,0.1
44.52,-0.7,0.1
44.53,-0.8,0.3
44.54,-1.2,0.3
44.55,-1.5,0.6
44.56,-1.8,0.6
44.57,-1.9,0.7
44.58,-1.9,0.7
44.59,-1.7,0.6
44.6,-1.4,0.5
44.61,-1,0.4
44.62,-0.4,0.3
44.63,0,0.3
44.64,0.3,0.4
44.65,0.4,0.5
44.66,0.4,0.7
44.67,0.2,0.7
44.68,-0.1,0.8
44.69,-0.4,0.7
44.7,-0.4,0.4
44.71,-0.2,0.2
44.72,0.2,-0.1
44.73,0.6,-0.4
44.74,1.1,-0.5
44.75,1.5,-0.5
44.76,1.6,-0.4
44.77,1.5,-0.3
44.78,1.2,0
44.79,1,0.2
44.8,0.6,0.2
44.81,0.5,0.3
44.82,0.3,0.2
44.83,0.4,0
44.84,0.5,-0.1
44.85,0.6,-0.4
44.86,0.8,-0.6
44.87,0.8,-0.9
44.88,1,-1.1
44.89,1,-1.2
44.9,1,-1.3
44.91,1,-1.2
44.92,0.9,-1
44.93,0.7,-0.6
44.94,0.4,-0.3
44.95,0.3,0
44.96,0,0.3
44.97,0,0.3
44.98,0.1,0.3
44.99,0.1,0
45,0.4,-0.2
45.01,0.6,-0.5
45.02,0.8,-0.7
45.03,0.8,-0.8
45.04,0.7,-0.7
45.05,0.5,-0.6
45.06,0.2,-0.4
45.07,-0.2,-0.1
45.08,-0.5,0
45.09,-0.7,0.2
45.1,-0.7,0.2
45.11,-0.6,0.2
45.12,-0.5,0.2
45.13,-0.3,0.2
45.14,-0.4,0.1
45.15,-0.4,0
45.16,-0.6,0
45.17,-0.9,-0.1
45.18,-1.1,-0.2
45.19,-1.1,-0.3
45.2,-1.1,-0.3
45.21,-0.9,-0.4
45.22,-0.6,-0.3
45.23,-0.1,-0.4
45.24,0.4,-0.3
45.25,0.7,-0.2
45.26,0.8,-0.2
45.27,1,-0.1
45.28,0.8,-0.1
45.29,0.7,-0.1
45.3,0.6,-0.2
45.31,0.5,-0.3
45.32,0.4,-0.3
45.33,0.6,-0.4
45.34,0.7,-0.6
45.35,0.9,-0.6
45.36,0.9,-0.7
45.37,1,-0.6
45.38,0.9,-0.6
45.39,0.7,-0.3
45.4,0.7,-0.2
45.41,0.4,0.1
45.42,0.2,0.1
45.43,0.2,0.1
45.44,0.2,0
45.45,0.3,-0.1
45.46,0.6,-0.2
45.47,0.8,-0.4
45.48,1.1,-0.4
45.49,1.3,-0.5
45.5,1.2,-0.5
45.51,1.1,-0.6
45.52,1,-0.6
45.53,0.8,-0.7
45.54,0.6,-0.7
45.55,0.4,-0.6
45.56,0.2,-0.4
45.57,0,-0.3
45.58,-0.2,0
45.59,-0.3,0
45.6,-0.5,0.1
45.61,-0.3,0.2
45.62,-0.2,0.2
45.63,0.2,0.1
45.64,0.6,0
45.65,0.9,-0.1
45.66,1.2,-0.1
45.67,1.3,-0.2
45.68,1.3,-0.2
45.69,1,-0.1
45.7,0.7,0
45.71,0.4,0.1
45.72,0,0.2
45.73,-0.3,0.3
45.74,-0.5,0.4
45.75,-0.6,0.5
45.76,-0.6,0.6
45.77,-0.5,0.6
45.78,-0.2,0.6
45.79,-0.1,0.6
45.8,0.1,0.5
45.81,0.2,0.3
45.82,0.3,0.3
45.83,0.4,0.1
45.84,0.5,0.2
45.85,0.4,0.2
45.86,0.5,0.4
45.87,0.4,0.5
45.88,0.3,0.6
45.89,0.3,0.7
45.9,0.1,0.7
45.91,0,0.6
45.92,-0.4,0.4
45.93,-0.6,0.4
45.94,-0.9,0.3
45.95,-1,0.3
45.96,-1,0.4
45.97,-0.7,0.4
45.98,-0.4,0.3
45.99,0,0.3
46,0.4,0.2
46.01,0.5,0.1
46.02,0.7,-0.1
46.03,0.5,-0.2
46.04,0.3,-0.1
46.05,-0.1,-0.1
46.06,-0.4,0.1
46.07,-0.7,0.3
46.08,-0.8,0.5
46.09,-0.7,0.7
46.1,-0.7,0.9
46.11,-0.4,0.8
46.12,-0.3,0.7
46.13,0,0.5
46.14,0.2,0.1
46.15,0.2,0
46.16,0.2,-0.1
46.17,0.2,-0.2
46.18,0,-0.1
46.19,-0.1,0.1
46.2,-0.1,0.2
46.21,-0.1,0.4
46.22,-0.1,0.5
46.23,-0.1,0.5
46.24,0,0.4
46.25,0.2,0.3
46.26,0.2,0.2
46.27,0.3,0.2
46.28,0.2,0.3
46.29,0.2,0.3
46.3,0.2,0.4
46.31,0,0.6
46.32,0.1,0.7
46.33,0.1,0.6
46.34,0.2,0.6
46.35,0.3,0.5
46.36,0.7,0.3
46.37,0.8,0.2
46.38,1.1,0.1
46.39,1.2,-0.1
46.4,1.2,-0.1
46.41,1.2,-0.2
46.42,1,-0.3
46.43,0.9,-0.1
46.44,0.7,-0.2
46.45,0.6,0
46.46,0.5,-0.1
46.47,0.4,-0.1
46.48,0.3,0
46.49,0.3,-0.1
46.5,0.1,-0.1
46.51,0.1,-0.1
46.52,0,0
46.53,0.1,0
46.54,0,0
46.55,0.2,0
46.56,0.3,0.1
46.57,0.5,0.1
46.58,0.7,0.1
46.59,0.9,0.2
46.6,1.1,0.2
46.61,1.2,0.3
46.62,1.2,0.2
46.63,1,0.2
46.64,0.9,0.2
46.65,0.7,0.1
46.66,0.5,0
46.67,0.3,0
46.68,0.3,-0.1
46.69,0.2,0
46.7,0.4,-0.1
46.71,0.5,0
46.72,0.6,0
46.73,0.7,0
46.74,0.7,0.1
46.75,0.5,0.2
46.76,0.2,0.1
46.77,-0.2,0.2
46.78,-0.6,0.2
46.79,-0.9,0.1
46.8,-1.3,0.1
46.81,-1.4,0
46.82,-1.4,0
46.83,-1.3,-0.1
46.84,-1.2,-0.1
46.85,-1.1,-0.1
46.86,-1.1,-0.1
46.87,-1.1,-0.2
46.88,-1.1,-0.1
46.89,-1.4,-0.2
46.9,-1.4,-0.2
46.91,-1.5,-0.3
46.92,-1.6,-0.3
46.93,-1.5,-0.2
46.94,-1.4,-0.2
46.95,-1.2,-0.1
46.96,-1.2,-0.1
46.97,-0.9,-0.2
46.98,-0.8,-0.1
46.99,-0.7,-0.1
47,-0.4,-0.2
47.01,-0.3,-0.2
47.02,-0.1,-0.1
47.03,0.2,-0.2
47.04,0.3,-0.3
47.05,0.5,-0.3
47.06,0.5,-0.4
47.07,0.6,-0.5
47.08,0.5,-0.6
47.09,0.4,-0.7
47.1,0.2,-0.7
47.11,0.1,-0.6
47.12,-0.1,-0.5
47.13,-0.3,-0.4
47.14,-0.2,-0.3
47.15,-0.3,-0.3
47.16,-0.2,-0.3
47.17,-0.2,-0.3
47.18,0,-0.5
47.19,0,-0.6
47.2,0,-0.7
47.21,-0.1,-0.6
47.22,0,-0.6
47.23,0.1,-0.5
47.24,0.1,-0.4
47.25,0.2,-0.3
47.26,0.4,-0.3
47.27,0.3,-0.2
47.28,0.4,-0.2
47.29,0.4,-0.2
47.3,0.3,-0.2
47.31,0.2,-0.3
47.32,0.1,-0.2
47.33,0.1,-0.3
47.34,0,-0.2
47.35,0.1,-0.3
47.36,0,-0.2
47.37,0,-0.2
47.38,0.1,-0.2
47.39,0,0
47.4,0.1,0
47.41,0,0.1
47.42,0.1,0.2
47.43,0,0.2
47.44,0.1,0.2
47.45,0.1,0
47.46,0.2,-0.1
47.47,0.3,-0.2
47.48,0.4,-0.4
47.49,0.3,-0.4
47.5,0.3,-0.4
47.51,0.2,-0.4
47.52,0,-0.2
47.53,-0.1,-0.2
47.54,-0.3,-0.1
47.55,-0.3,0
47.56,-0.3,0
47.57,-0.5,-0.1
47.58,-0.5,0
47.59,-0.5,0
47.6,-0.6,0
47.61,-0.7,0.1
47.62,-0.7,0
47.63,-0.6,-0.1
47.64,-0.6,0
47.65,-0.6,-0.1
47.66,-0.4,-0.1
47.67,-0.3,0
47.68,-0.3,0.2
47.69,-0.2,0.3
47.7,-0.2,0.4
47.71,-0.3,0.4
47.72,-0.5,0.5
47.73,-0.6,0.4
47.74,-0.7,0.4
47.75,-0.8,0.2
47.76,-0.7,0
47.77,-0.5,0
47.78,-0.3,-0.1
47.79,0,-0.2
47.8,0.2,-0.1
47.81,0.4,0.1
47.82,0.4,0.2
47.83,0.4,0.3
47.84,0.1,0.5
47.85,-0.1,0.6
47.86,-0.5,0.6
47.87,-0.6,0.6
47.88,-0.9,0.5
47.89,-1,0.4
47.9,-0.9,0.1
47.91,-0.7,0
47.92,-0.5,-0.2
47.93,-0.2,-0.3
47.94,0.2,-0.2
47.95,0.3,-0.3
47.96,0.5,-0.2
47.97,0.4,-0.1
47.98,0.3,0
47.99,0,0.1
48,-0.2,0.1
48.01,-0.5,0.2
48.02,-0.6,0.3
48.03,-0.5,0.3
48.04,-0.5,0.3
48.05,-0.3,0.3
48.06,-0.1,0.2
48.07,-0.1,0.1
48.08,0,-0.1
48.09,-0.1,-0.1
48.1,-0.2,-0.3
48.11,-0.3,-0.4
48.12,-0.4,-0.3
48.13,-0.4,-0.2
48.14,-0.4,-0.1
48.15,-0.2,0
48.16,-0.2,0
48.17,0,0.2
48.18,-0.1,0.1
48.19,-0.2,0
48.2,-0.4,0
48.21,-0.5,0
48.22,-0.6,0
48.23,-0.7,0.1
48.24,-0.7,0.2
48.25,-0.5,0.3
48.26,-0.3,0.3
48.27,0,0.5
48.28,0.2,0.4
48.29,0.3,0.3
48.3,0.3,0.3
48.31,0.4,0.2
48.32,0.4,0.2
48.33,0.2,0.1
48.34,0.1,0.2
48.35,0,0.1
48.36,-0.2,0.2
48.37,-0.2,0.2
48.38,-0.2,0.3
48.39,-0.3,0.2
48.4,-0.1,0.2
48.41,0,0.1
48.42,0.2,0.2
48.43,0.4,0
48.44,0.6,0.1
48.45,0.7,0
48.46,0.7,0
48.47,0.6,0.2
48.48,0.6,0.2
48.49,0.4,0.3
48.5,0.2,0.4
48.51,0.1,0.6
48.52,0,0.5
48.53,-0.1,0.6
48.54,0,0.4
48.55,0.2,0.4
48.56,0.2,0.3
48.57,0.4,0.2
48.58,0.4,0.3
48.59,0.4,0.4
48.6,0.3,0.5
48.61,0.3,0.5
48.62,0.1,0.5
48.63,0.1,0.6
48.64,0,0.6
48.65,-0.1,0.5
48.66,-0.2,0.4
48.67,-0.1,0.5
48.68,-0.2,0.5
48.69,-0.1,0.5
48.7,0.1,0.5
48.71,0.3,0.4
48.72,0.5,0.3
48.73,0.8,0.1
48.74,1,0
48.75,1.3,-0.1
48.76,1.3,-0.1
48.77,1.3,0
48.78,1.2,0.1
48.79,0.9,0.1
48.8,0.7,0.2
48.81,0.4,0.2
48.82,0.3,0.2
48.83,0.1,0.1
48.84,0.3,0
48.85,0.3,0.1
48.86,0.4,0
48.87,0.6,0
48.88,0.8,0.1
48.89,1,0.1
48.9,1,0.2
48.91,1.2,0.2
48.92,1.2,0.3
48.93,1.3,0.4
48.94,1.2,0.3
48.95,1.2,0.4
48.96,1.1,0.4
48.97,0.9,0.4
48.98,0.6,0.3
48.99,0.4,0.3
49,0.2,0.2
49.01,0,0.2
49.02,-0.1,0.2
49.03,-0.2,0.2
49.04,-0.2,0.2
49.05,-0.2,0.1
49.06,-0.2,0.2
49.07,-0.2,0.1
49.08,-0.1,0
49.09,-0.1,0.1
49.1,0.1,0
49.11,0.2,0
49.12,0.3,0
49.13,0.4,0.2
49.14,0.4,0.1
49.15,0.3,0.2
49.16,0.2,0.1
49.17,0.2,0.1
49.18,0.1,0
49.19,0.1,-0.1
49.2,0.2,-0.1
49.21,0.2,-0.1
49.22,0.2,-0.1
49.23,0.1,0
49.24,0.2,0.1
49.25,0.2,0.1
49.26,0.1,0.3
49.27,0.2,0.3
49.28,0.1,0.3
49.29,0.2,0.4
49.3,0.1,0.3
49.31,0.1,0.2
49.32,0.2,0.2
49.33,0.1,0.1
49.34,0.1,-0.1
49.35,0.2,-0.2
49.36,0.2,-0.2
49.37,0.3,-0.4
49.38,0.2,-0.4
49.39,0.2,-0.4
49.4,0.1,-0.5
49.41,-0.1,-0.5
49.42,-0.2,-0.5
49.43,-0.4,-0.5
49.44,-0.5,-0.6
49.45,-0.7,-0.4
49.46,-0.7,-0.4
49.47,-0.9,-0.3
49.48,-0.8,-0.2
49.49,-0.8,-0.2
49.5,-0.7,0
49.51,-0.8,0
49.52,-0.7,0
49.53,-0.8,0
49.54,-0.8,0
49.55,-0.8,-0.1
49.56,-0.8,-0.2
49.57,-0.6,-0.4
49.58,-0.6,-0.4
49.59,-0.5,-0.5
49.6,-0.4,-0.4
49.61,-0.4,-0.3
49.62,-0.6,-0.1
49.63,-0.7,0
49.64,-0.9,0.1
49.65,-1.1,0
49.66,-1.2,-0.1
49.67,-1.3,-0.2
49.68,-1.2,-0.4
49.69,-1.2,-0.5
49.7,-1.1,-0.5
49.71,-0.9,-0.3
49.72,-1,-0.2
49.73,-0.9,0
49.74,-0.9,0
49.75,-1.1,0.1
49.76,-1.1,0.1
49.77,-1.2,0.1
49.78,-1.4,0
49.79,-1.2,-0.1
49.8,-1.2,0
49.81,-0.9,-0.1
49.82,-0.6,0
49.83,-0.2,0
49.84,0.2,0
49.85,0.4,0
49.86,0.6,-0.1
49.87,0.7,0
49.88,0.6,0
49.89,0.4,0.1
49.9,0.4,0.2
49.91,0.2,0.2
49.92,0.2,0.3
49.93,0.3,0.3
49.94,0.3,0.1
49.95,0.5,0.1
49.96,0.6,-0.1
49.97,0.7,-0.2
49.98,0.8,-0.2
49.99,0.7,-0.2
50,0.6,-0.1
50.01,0.4,-0.1
50.02,0.2,0.1
50.03,0.1,0.1
50.04,-0.1,0.1
50.05,0,0.2
50.06,0,0.1
50.07,0.2,0
50.08,0.4,0
50.09,0.6,0
50.1,0.7,-0.1
50.11,0.7,0.1
50.12,0.7,0.1
50.13,0.5,0.1
50.14,0.5,0.3
50.15,0.3,0.2
50.16,0.2,0.2
50.17,0.3,0.1
50.18,0.3,0
50.19,0.4,0
50.2,0.4,-0.1
50.21,0.5,-0.1
50.22,0.4,-0.1
50.23,0.2,-0.2
50.24,0.1,-0.2
50.25,-0.1,-0.3
50.26,-0.4,-0.4
50.27,-0.5,-0.4
50.28,-0.6,-0.4
50.29,-0.7,-0.4
50.3,-0.8,-0.5
50.31,-0.8,-0.4
50.32,-0.7,-0.3
50.33,-0.8,-0.4
50.34,-0.7,-0.3
50.35,-0.8,-0.2
50.36,-0.8,-0.2
50.37,-0.8,-0.3
50.38,-0.7,-0.2
50.39,-0.7,-0.3
50.4,-0.7,-0.4
50.41,-0.6,-0.4
50.42,-0.6,-0.4
50.43,-0.5,-0.3
50.44,-0.6,-0.1
50.45,-0.5,0.1
50.46,-0.7,0.3
50.47,-0.6,0.4
50.48,-0.7,0.4
50.49,-0.6,0.3
50.5,-0.6,0.2
50.51,-0.5,0.1
50.52,-0.5,0
50.53,-0.6,0.1
50.54,-0.7,0
50.55,-0.7,0.1
50.56,-0.8,0
50.57,-0.8,0.1
50.58,-0.7,0
50.59,-0.6,-0.1
50.6,-0.3,-0.1
50.61,-0.1,-0.3
50.62,0.1,-0.2
50.63,0.2,-0.3
50.64,0.2,-0.3
50.65,0.3,-0.3
50.66,0.1,-0.1
50.67,0,-0.1
50.68,-0.1,0.1
50.69,-0.2,0.1
50.7,-0.3,0.2
50.71,-0.3,0.1
50.72,-0.2,0.1
50.73,-0.2,0
50.74,0.1,-0.1
50.75,0.3,-0.2
50.76,0.5,-0.1
50.77,0.6,-0.1
50.78,0.9,0
50.79,0.9,0
50.8,0.9,0
50.81,0.9,0.1
50.82,0.9,0.2
50.83,0.8,0.2
50.84,0.7,0.2
50.85,0.6,0.2
50.86,0.5,0.2
50.87,0.5,0
50.88,0.5,-0.1
50.89,0.6,-0.3
50.9,0.5,-0.3
50.91,0.5,-0.4
50.92,0.5,-0.2
50.93,0.5,-0.1
50.94,0.4,0.1
50.95,0.4,0.2
50.96,0.3,0.3
50.97,0.2,0.3
50.98,0.2,0.3
50.99,0,0.1
51,-0.1,0
51.01,-0.1,-0.3
51.02,-0.1,-0.4
51.03,-0.1,-0.5
51.04,-0.2,-0.4
51.05,-0.2,-0.4
51.06,-0.3,-0.2
51.07,-0.5,0
51.08,-0.6,0.2
51.09,-0.8,0.2
51.1,-0.9,0.2
51.11,-1,0.2
51.12,-1,0.1
51.13,-0.8,0
51.14,-0.7,-0.1
51.15,-0.5,-0.1
51.16,-0.2,-0.1
51.17,0,-0.1
51.18,0.2,-0.1
51.19,0.2,0
51.2,0.1,-0.1
51.21,0.1,-0.2
51.22,-0.1,-0.2
51.23,-0.3,-0.3
51.24,-0.2,-0.4
51.25,-0.3,-0.4
51.26,-0.1,-0.5
51.27,0,-0.4
51.28,0.1,-0.4
51.29,0.1,-0.3
51.3,0.2,-0.2
51.31,0.3,-0.2
51.32,0.2,0
51.33,0.2,0.1
51.34,0.3,0.1
51.35,0.3,0.2
51.36,0.3,0.2
51.37,0.4,0.2
51.38,0.4,0.1
51.39,0.4,0.2
51.4,0.4,0
51.41,0.4,0.1
51.42,0.4,0
51.43,0.3,-0.1
51.44,0.3,0
51.45,0.3,-0.1
51.46,0.3,0
51.47,0.3,-0.1
51.48,0.3,0
51.49,0.4,0.1
51.5,0.3,0
51.51,0.3,0.2
51.52,0.3,0.2
51.53,0.3,0.2
51.54,0.4,0.2
51.55,0.4,0.1
51.56,0.5,0.1
51.57,0.5,0
51.58,0.5,0
51.59,0.6,0
51.6,0.5,0
51.61,0.6,0
51.62,0.4,0.1
51.63,0.4,0.2
51.64,0.3,0.2
51.65,0.1,0.2
51.66,0.1,0.1
51.67,0.1,0.2
51.68,0.2,0.3
51.69,0.4,0.2
51.7,0.5,0.2
51.71,0.7,0.2
51.72,0.8,0.2
51.73,1,0.1
51.74,1,0.1
51.75,1,0
51.76,1,0.1
51.77,0.9,0.2
51.78,0.8,0.1
51.79,0.7,0.2
51.8,0.5,0.1
51.81,0.6,0.1
51.82,0.5,-0.1
51.83,0.5,0
51.84,0.6,0
51.85,0.7,0.1
51.86,0.8,0.3
51.87,0.8,0.5
51.88,0.9,0.5
51.89,0.8,0.5
51.9,0.7,0.5
51.91,0.7,0.4
51.92,0.7,0.2
51.93,0.7,0.2
51.94,0.8,0.2
51.95,0.9,0.1
51.96,0.8,0.2
51.97,0.8,0.2
51.98,0.6,0.2
51.99,0.4,0.2
52,0.1,0.1
52.01,-0.1,0.1
52.02,-0.2,-0.1
52.03,-0.4,-0.2
52.04,-0.4,-0.3
52.05,-0.3,-0.4
52.06,-0.3,-0.3
52.07,-0.3,-0.4
52.08,-0.2,-0.3
52.09,-0.3,-0.3
52.1,-0.3,-0.3
52.11,-0.3,-0.3
52.12,-0.4,-0.4
52.13,-0.3,-0.5
52.14,-0.4,-0.6
52.15,-0.3,-0.7
52.16,-0.4,-0.7
52.17,-0.4,-0.6
52.18,-0.3,-0.6
52.19,-0.4,-0.5
52.2,-0.2,-0.4
52.21,-0.2,-0.4
52.22,-0.1,-0.4
52.23,-0.1,-0.3
52.24,-0.1,-0.2
52.25,-0.2,-0.3
52.26,-0.3,-0.2
52.27,-0.6,-0.2
52.28,-0.7,-0.3
52.29,-0.7,-0.4
52.3,-0.7,-0.4
52.31,-0.5,-0.5
52.32,-0.4,-0.5
52.33,-0.2,-0.4
52.34,-0.1,-0.4
52.35,0,-0.3
52.36,-0.1,-0.2
52.37,-0.1,-0.1
52.38,-0.3,-0.1
52.39,-0.3,-0.3
52.4,-0.5,-0.4
52.41,-0.7,-0.6
52.42,-0.7,-0.6
52.43,-0.9,-0.6
52.44,-0.8,-0.6
52.45,-0.9,-0.3
52.46,-0.7,-0.3
52.47,-0.5,-0.1
52.48,-0.3,0
52.49,-0.1,-0.1
52.5,0.2,-0.1
52.51,0.2,-0.1
52.52,0.2,-0.2
52.53,0.1,0
52.54,0.1,0.1
52.55,0,0.3
52.56,-0.1,0.3
52.57,-0.1,0.5
52.58,-0.1,0.4
52.59,-0.1,0.3
52.6,-0.1,0.3
52.61,0,0.2
52.62,0,0.2
52.63,0,0.2
52.64,0.1,0.2
52.65,0.1,0.3
52.66,0.1,0.1
52.67,0.1,0.2
52.68,0,0.1
52.69,0,0
52.7,-0.1,0.1
52.71,0,0.1
52.72,0.1,0.1
52.73,0.1,0.2
52.74,0.2,0.2
52.75,0.3,0.2
52.76,0.3,0.2
52.77,0.4,0.1
52.78,0.6,0
52.79,0.6,0
52.8,0.7,-0.1
52.81,0.6,-0.1
52.82,0.6,0
52.83,0.5,0
52.84,0.4,0.1
52.85,0.3,0.2
52.86,0.3,0.2
52.87,0.2,0.2
52.88,0.3,0.1
52.89,0.3,0
52.9,0.5,-0.1
52.91,0.6,-0.2
52.92,0.7,-0.4
52.93,0.8,-0.5
52.94,0.7,-0.5
52.95,0.6,-0.5
52.96,0.4,-0.5
52.97,0.2,-0.3
52.98,0.1,-0.3
52.99,-0.1,-0.1
53,-0.2,-0.1
53.01,-0.1,0
53.02,-0.1,0
53.03,0.1,0.1
53.04,0,0
53.05,0.2,0.1
53.06,0.1,0.1
53.07,0.1,0.1
53.08,0,0.2
53.09,0,0.1
53.1,-0.1,0.2
53.11,-0.1,0.2
53.12,-0.2,0.3
53.13,-0.1,0.2
53.14,-0.2,0.4
53.15,-0.3,0.3
53.16,-0.3,0.3
53.17,-0.4,0.3
53.18,-0.5,0.3
53.19,-0.5,0.2
53.2,-0.7,0.1
53.21,-0.7,0.1
53.22,-0.8,0.1
53.23,-0.9,0.2
53.24,-1.1,0.3
53.25,-1.2,0.5
53.26,-1.2,0.6
53.27,-1.3,0.7
53.28,-1.2,0.6
53.29,-1.1,0.6
53.3,-0.8,0.6
53.31,-0.6,0.5
53.32,-0.4,0.4
53.33,-0.3,0.4
53.34,-0.2,0.4
53.35,-0.2,0.3
53.36,-0.2,0.3
53.37,-0.3,0.3
53.38,-0.4,0.3
53.39,-0.5,0.5
53.4,-0.4,0.5
53.41,-0.2,0.7
53.42,-0.1,0.7
53.43,0.1,0.8
53.44,0.3,0.7
53.45,0.6,0.6
53.46,0.8,0.4
53.47,0.8,0.3
53.48,0.9,0.1
53.49,0.8,0
53.5,0.7,0
53.51,0.5,0
53.52,0.4,0.1
53.53,0.2,0.2
53.54,-0.1,0.2
53.55,-0.2,0.3
53.56,-0.3,0.3
53.57,-0.5,0.2
53.58,-0.5,0.2
53.59,-0.6,0.1
53.6,-0.6,0
53.61,-0.7,0
53.62,-0.7,0.1
53.63,-0.8,0.2
53.64,-1,0.3
53.65,-1.1,0.4
53.66,-1.1,0.3
53.67,-1.2,0.3
53.68,-1.2,0.2
53.69,-1.1,0.1
53.7,-1,-0.1
53.71,-1,0
53.72,-0.8,0
53.73,-0.9,0
53.74,-0.7,0.1
53.75,-0.7,0.2
53.76,-0.7,0.1
53.77,-0.5,0.1
53.78,-0.5,0.1
53.79,-0.4,0.1
53.8,-0.4,0
53.81,-0.3,0.1
53.82,-0.3,0
53.83,-0.3,0.2
53.84,-0.3,0.2
53.85,-0.3,0.4
53.86,-0.2,0.5
53.87,-0.2,0.7
53.88,-0.3,0.6
53.89,-0.5,0.7
53.9,-0.8,0.6
53.91,-1.1,0.4
53.92,-1.3,0.2
53.93,-1.6,0
53.94,-1.6,-0.1
53.95,-1.4,-0.4
53.96,-1.3,-0.4
53.97,-1,-0.4
53.98,-0.7,-0.4
53.99,-0.5,-0.4
54,-0.4,-0.2
54.01,-0.4,-0.1
54.02,-0.4,0
54.03,-0.5,0.1
54.04,-0.5,0.1
54.05,-0.5,0.2
54.06,-0.5,0.1
54.07,-0.3,0.2
54.08,-0.3,0.3
54.09,-0.1,0.2
54.1,-0.2,0.2
54.11,-0.1,0.2
54.12,-0.3,0.1
54.13,-0.4,-0.1
54.14,-0.5,-0.1
54.15,-0.5,0
54.16,-0.5,-0.1
54.17,-0.4,0.1
54.18,-0.2,0.3
54.19,-0.2,0.3
54.2,-0.1,0.4
54.21,-0.1,0.3
54.22,-0.2,0.3
54.23,-0.3,0.3
54.24,-0.4,0.1
54.25,-0.2,0
54.26,-0.1,0
54.27,0.1,-0.1
54.28,0.3,0
54.29,0.6,-0.1
54.3,0.5,0.1
54.31,0.5,0
54.32,0.3,0.1
54.33,0.1,0
54.34,-0.2,0
54.35,-0.5,-0.1
54.36,-0.6,0
54.37,-0.7,0.1
54.38,-0.6,0.1
54.39,-0.5,0.2
54.4,-0.3,0.1
54.41,0,0.2
54.42,0.2,0
54.43,0.4,-0.1
54.44,0.4,-0.2
54.45,0.4,-0.2
54.46,0.3,-0.2
54.47,0.1,0
54.48,0.1,0
54.49,-0.1,0.2
54.5,0,0.2
54.51,0.2,0.2
54.52,0.4,0.1
54.53,0.5,0.1
54.54,0.8,-0.1
54.55,0.9,0
54.56,1,-0.1
54.57,1.2,-0.1
54.58,1.1,0
54.59,1.2,-0.1
54.6,1.2,-0.1
54.61,1.2,-0.2
54.62,1,-0.2
54.63,0.9,-0.2
54.64,0.6,-0.4
54.65,0.5,-0.3
54.66,0.3,-0.4
54.67,0.2,-0.5
54.68,0.2,-0.5
54.69,0.2,-0.5
54.7,0.2,-0.5
54.71,0.1,-0.5
54.72,0,-0.3
54.73,-0.1,-0.3
54.74,-0.1,-0.3
54.75,-0.3,-0.2
54.76,-0.2,-0.3
54.77,-0.1,-0.3
54.78,0,-0.4
54.79,0.2,-0.3
54.8,0.3,-0.3
54.81,0.4,-0.2
54.82,0.3,-0.3
54.83,0.3,-0.2
54.84,0.1,-0.4
54.85,0,-0.3
54.86,-0.1,-0.4
54.87,-0.3,-0.4
54.88,-0.2,-0.3
54.89,-0.1,-0.2
54.9,0.1,-0.1
54.91,0.4,-0.2
54.92,0.5,-0.2
54.93,0.7,-0.2
54.94,0.6,-0.3
54.95,0.6,-0.3
54.96,0.3,-0.3
54.97,0.1,-0.1
54.98,-0.1,-0.1
54.99,-0.3,-0.1
55,-0.4,0
55.01,-0.4,-0.1
55.02,-0.2,-0.3
55.03,-0.2,-0.5
55.04,-0.1,-0.6
55.05,-0.1,-0.6
55.06,0,-0.7
55.07,-0.1,-0.5
55.08,-0.1,-0.3
55.09,-0.3,0
55.1,-0.2,0.1
55.11,-0.3,0.2
55.12,-0.3,0.4
55.13,-0.2,0.3
55.14,-0.2,0.2
55.15,0,0.1
55.16,-0.1,-0.1
55.17,0,-0.1
55.18,-0.1,-0.1
55.19,-0.1,0
55.2,-0.1,0.1
55.21,-0.2,0.3
55.22,-0.1,0.4
55.23,-0.1,0.4
55.24,0.1,0.2
55.25,0.2,0.1
55.26,0.3,0
55.27,0.5,-0.1
55.28,0.6,-0.1
55.29,0.6,-0.1
55.3,0.5,0
55.31,0.5,0.1
55.32,0.4,0.2
55.33,0.4,0.2
55.34,0.3,0.1
55.35,0.5,0.1
55.36,0.6,0
55.37,0.7,-0.2
55.38,0.8,-0.1
55.39,0.8,-0.2
55.4,0.8,-0.2
55.41,0.6,-0.1
55.42,0.4,-0.1
55.43,0.3,0
55.44,0.2,0
55.45,0,0
55.46,0,0.1
55.47,0,0.1
55.48,-0.1,0.2
55.49,0,0.1
55.5,0.1,0.1
55.51,0,0.1
55.52,0.2,-0.1
55.53,0.1,0
55.54,0.2,0
55.55,0.2,-0.1
55.56,0.2,-0.1
55.57,0.1,0
55.58,0.1,-0.1
55.59,0.1,-0.1
55.6,0,-0.1
55.61,0.1,0
55.62,0,0.1
55.63,-0.1,0.2
55.64,-0.2,0.3
55.65,-0.3,0.4
55.66,-0.4,0.4
55.67,-0.5,0.4
55.68,-0.5,0.4
55.69,-0.4,0.2
55.7,-0.3,0.1
55.71,0,-0.1
55.72,0.2,-0.2
55.73,0.3,-0.3
55.74,0.4,-0.4
55.75,0.4,-0.4
55.76,0.2,-0.2
55.77,0,-0.2
55.78,-0.2,-0.1
55.79,-0.5,0
55.8,-0.5,0
55.81,-0.6,0
55.82,-0.5,-0.1
55.83,-0.4,-0.1
55.84,-0.4,-0.2
55.85,-0.3,-0.2
55.86,-0.3,-0.2
55.87,-0.3,-0.2
55.88,-0.2,-0.2
55.89,-0.2,-0.1
55.9,-0.2,0
55.91,0,0
55.92,0.1,0.1
55.93,0.1,0.1
55.94,0.1,0.1
55.95,0,0.1
55.96,-0.1,0.1
55.97,-0.3,0.1
55.98,-0.3,-0.1
55.99,-0.3,-0.1
56,-0.2,-0.2
56.01,-0.1,-0.2
56.02,0.1,-0.2
56.03,0.3,-0.3
56.04,0.4,-0.2
56.05,0.4,-0.1
56.06,0.4,0
56.07,0.4,-0.1
56.08,0.4,0
56.09,0.3,0
56.1,0.3,0
56.11,0.2,-0.1
56.12,0.3,0
56.13,0.4,-0.1
56.14,0.4,0
56.15,0.4,0
56.16,0.3,0.1
56.17,0.2,0.2
56.18,0.1,0.3
56.19,0,0.3
56.2,-0.1,0.3
56.21,-0.1,0.3
56.22,-0.1,0.2
56.23,0,0.1
56.24,0.2,0
56.25,0.4,-0.1
56.26,0.4,-0.1
56.27,0.4,-0.2
56.28,0.4,-0.2
56.29,0.3,-0.2
56.3,0.2,-0.1
56.31,0.2,-0.1
56.32,0.1,0
56.33,0.1,0
56.34,-0.1,0
56.35,-0.3,0
56.36,-0.5,-0.1
56.37,-0.6,0
56.38,-0.8,0.1
56.39,-0.8,0
56.4,-0.8,0.2
56.41,-0.5,0.1
56.42,-0.4,0.1
56.43,-0.1,0.1
56.44,0.1,0
56.45,0.2,-0.1
56.46,0.2,-0.1
56.47,0.2,0
56.48,-0.1,0.1
56.49,-0.2,0.4
56.5,-0.5,0.5
56.51,-0.6,0.6
56.52,-0.8,0.6
56.53,-0.8,0.5
56.54,-0.8,0.2
56.55,-0.8,-0.1
56.56,-0.7,-0.3
56.57,-0.6,-0.4
56.58,-0.5,-0.4
56.59,-0.6,-0.1
56.6,-0.6,0
56.61,-0.6,0.2
56.62,-0.7,0.3
56.63,-0.8,0.3
56.64,-0.6,0.1
56.65,-0.6,0.1
56.66,-0.5,0
56.67,-0.4,-0.2
56.68,-0.2,-0.2
56.69,-0.2,-0.2
56.7,-0.3,-0.2
56.71,-0.2,0
56.72,-0.4,0.1
56.73,-0.4,0.3
56.74,-0.4,0.4
56.75,-0.4,0.4
56.76,-0.2,0.3
56.77,0.1,0.1
56.78,0.3,-0.1
56.79,0.6,-0.2
56.8,0.7,-0.4
56.81,0.8,-0.3
56.82,0.7,-0.2
56.83,0.6,-0.1
56.84,0.4,-0.2
56.85,0.2,-0.1
56.86,0.1,-0.2
56.87,0.1,-0.3
56.88,0,-0.4
56.89,0.2,-0.5
56.9,0.5,-0.5
56.91,0.7,-0.6
56.92,0.9,-0.5
56.93,1,-0.4
56.94,0.9,-0.4
56.95,0.8,-0.2
56.96,0.5,-0.1
56.97,0.3,0
56.98,0.1,0.1
56.99,0,0
57,0,0.1
57.01,0.1,0
57.02,0.2,0.1
57.03,0.4,0
57.04,0.4,0
57.05,0.5,0.1
57.06,0.4,-0.1
57.07,0.5,-0.1
57.08,0.4,-0.2
57.09,0.5,-0.3
57.1,0.4,-0.3
57.11,0.4,-0.3
57.12,0.3,-0.2
57.13,0.2,-0.1
57.14,0,0.1
57.15,0.1,0.2
57.16,0,0.2
57.17,0.1,0.3
57.18,0.1,0.3
57.19,0.2,0.2
57.2,0.3,0.2
57.21,0.2,0.2
57.22,0.2,0.2
57.23,0,0.3
57.24,0,0.2
57.25,-0.3,0.3
57.26,-0.5,0.4
57.27,-0.6,0.4
57.28,-0.8,0.3
57.29,-0.9,0.4
57.3,-0.9,0.3
57.31,-0.8,0.2
57.32,-0.8,0.1
57.33,-0.5,0.1
57.34,-0.4,0
57.35,-0.2,0
57.36,-0.1,0
57.37,-0.1,0
57.38,0,0
57.39,-0.2,0.1
57.4,-0.2,0
57.41,-0.4,-0.1
57.42,-0.5,-0.1
57.43,-0.7,-0.2
57.44,-0.7,-0.2
57.45,-0.8,-0.3
57.46,-0.7,-0.1
57.47,-0.7,-0.1
57.48,-0.6,0.1
57.49,-0.5,0.2
57.5,-0.4,0.2
57.51,-0.3,0.3
57.52,-0.2,0.3
57.53,-0.1,0.3
57.54,-0.1,0.3
57.55,-0.1,0.2
57.56,-0.1,0.2
57.57,0,0.1
57.58,0,0.2
57.59,0,0
57.6,-0.1,0
57.61,-0.1,-0.1
57.62,-0.4,0
57.63,-0.4,0
57.64,-0.7,0.1
57.65,-0.7,0.2
57.66,-0.7,0.3
57.67,-0.8,0.3
57.68,-0.6,0.2
57.69,-0.4,0.1
57.7,-0.3,0
57.71,-0.1,-0.1
57.72,-0.1,-0.1
57.73,-0.1,-0.1
57.74,-0.1,0
57.75,-0.2,0.2
57.76,-0.4,0.2
57.77,-0.4,0.4
57.78,-0.5,0.3
57.79,-0.6,0.3
57.8,-0.7,0.2
57.81,-0.8,0.2
57.82,-0.7,0.3
57.83,-0.8,0.3
57.84,-0.7,0.4
57.85,-0.6,0.5
57.86,-0.5,0.5
57.87,-0.3,0.4
57.88,-0.2,0.3
57.89,0.2,0.1
57.9,0.3,0
57.91,0.7,-0.1
57.92,0.9,-0.3
57.93,1.1,-0.1
57.94,1.1,-0.1
57.95,1,0
57.96,0.8,0.1
57.97,0.5,0.2
57.98,0.3,0.2
57.99,0,0.2
58,-0.2,0.1
58.01,-0.1,0.1
58.02,-0.1,0.1
58.03,0.1,0
58.04,0.3,-0.1
58.05,0.4,0
58.06,0.5,0.1
58.07,0.5,0.1
58.08,0.5,0.3
58.09,0.6,0.4
58.1,0.4,0.5
58.11,0.4,0.6
58.12,0.4,0.6
58.13,0.2,0.5
58.14,0.1,0.3
58.15,-0.1,0.3
58.16,-0.1,0.1
58.17,-0.2,0
58.18,-0.2,-0.1
58.19,-0.3,0
58.2,-0.4,0.1
58.21,-0.3,0
58.22,-0.4,0.2
58.23,-0.4,0.1
58.24,-0.4,0.2
58.25,-0.3,0.2
58.26,-0.2,0.2
58.27,0,0.1
58.28,0,0
58.29,0.1,-0.1
58.3,0,-0.1
58.31,0.1,-0.3
58.32,-0.2,-0.2
58.33,-0.3,-0.2
58.34,-0.4,-0.1
58.35,-0.7,0
58.36,-0.7,0.2
58.37,-0.8,0.4
58.38,-0.8,0.5
58.39,-0.8,0.7
58.4,-0.6,0.7
58.41,-0.4,0.6
58.42,-0.3,0.5
58.43,-0.1,0.3
58.44,0.1,0
58.45,0.2,-0.1
58.46,0.3,-0.2
58.47,0.2,-0.3
58.48,0,-0.2
58.49,-0.1,-0.3
58.5,-0.3,-0.2
58.51,-0.5,-0.2
58.52,-0.6,-0.2
58.53,-0.6,-0.3
58.54,-0.6,-0.2
58.55,-0.4,-0.4
58.56,-0.3,-0.3
58.57,-0.2,-0.3
58.58,-0.1,-0.3
58.59,-0.1,-0.3
58.6,-0.2,-0.2
58.61,-0.3,-0.2
58.62,-0.2,-0.2
58.63,-0.3,-0.2
58.64,-0.1,0
58.65,-0.1,-0.1
58.66,0,0
58.67,0.1,0
58.68,0.2,0
58.69,0.2,-0.1
58.7,0.1,-0.1
58.71,0.2,-0.3
58.72,0,-0.3
58.73,0,-0.4
58.74,-0.2,-0.5
58.75,-0.3,-0.5
58.76,-0.5,-0.4
58.77,-0.6,-0.3
58.78,-0.6,-0.3
58.79,-0.6,-0.2
58.8,-0.5,-0.2
58.81,-0.2,-0.1
58.82,-0.1,0
58.83,0.1,-0.1
58.84,0.2,0
58.85,0.3,-0.1
58.86,0.3,-0.2
58.87,0.3,-0.1
58.88,0.2,0
58.89,0.1,0
58.9,0,0.2
58.91,-0.2,0.2
58.92,-0.3,0.4
58.93,-0.4,0.5
58.94,-0.6,0.5
58.95,-0.6,0.5
58.96,-0.7,0.5
58.97,-0.6,0.3
58.98,-0.5,0.3
58.99,-0.5,0.1
59,-0.4,0
59.01,-0.4,-0.1
59.02,-0.3,0
59.03,-0.4,0
59.04,-0.4,0
59.05,-0.5,0.1
59.06,-0.6,0.1
59.07,-0.7,0
59.08,-0.7,0
59.09,-0.8,0
59.1,-0.9,-0.1
59.11,-0.9,0
59.12,-1,0.1
59.13,-1,0.1
59.14,-0.9,0.1
59.15,-1,0.2
59.16,-0.8,0.3
59.17,-0.7,0.2
59.18,-0.5,0.4
59.19,-0.4,0.4
59.2,-0.2,0.5
59.21,-0.1,0.5
59.22,-0.1,0.5
59.23,-0.2,0.3
59.24,-0.3,0.3
59.25,-0.5,0.2
59.26,-0.7,0.1
59.27,-0.9,0.2
59.28,-1,0.2
59.29,-1.1,0.3
59.3,-1.1,0.4
59.31,-1.2,0.4
59.32,-1.1,0.4
59.33,-1.1,0.3
59.34,-1.1,0.2
59.35,-1.1,0.3
59.36,-1.2,0.3
59.37,-1.3,0.3
59.38,-1.5,0.5
59.39,-1.7,0.7
59.4,-1.9,0.8
59.41,-2.1,0.8
59.42,-2.4,0.9
59.43,-2.5,0.8
59.44,-2.8,0.9
59.45,-3.1,0.7
59.46,-3.4,0.9
59.47,-3.5,0.9
59.48,-3.7,1
59.49,-3.5,1.2
59.5,-3.3,1.2
59.51,-2.7,1.1
59.52,-1.9,0.9
59.53,-1.2,0.7
59.54,-0.4,0.4
59.55,0.2,0.1
59.56,0.4,0
59.57,0.6,-0.1
59.58,0.4,-0.2
59.59,0.1,-0.2
59.6,-0.1,-0.3
59.61,-0.3,-0.3
59.62,-0.5,-0.3
59.63,-0.5,-0.5
59.64,-0.4,-0.6
59.65,-0.1,-0.7
59.66,0.2,-0.9
59.67,0.6,-0.9
59.68,1,-1.1
59.69,1.3,-1.1
59.7,1.4,-1.1
59.71,1.4,-1.1
59.72,1.2,-0.9
59.73,1.1,-0.7
59.74,0.8,-0.5
59.75,0.6,-0.4
59.76,0.4,-0.3
59.77,0.2,-0.3
59.78,0.1,-0.3
59.79,0,-0.4
59.8,-0.1,-0.4
59.81,-0.1,-0.4
59.82,-0.1,-0.5
59.83,0.1,-0.3
59.84,0.2,-0.3
59.85,0.5,-0.3
59.86,0.6,-0.2
59.87,0.7,-0.2
59.88,0.4,-0.1
59.89,0.1,-0.1
59.9,-0.5,-0.1
59.91,-0.7,-0.3
59.92,-0.9,-0.3
59.93,-0.5,-0.5
59.94,0.5,-0.8
59.95,2.1,-1
59.96,3.9,-1.4
59.97,5.6,-1.7
59.98,6.5,-1.8
